Band;Ort Grimm;Ort XY;Y;X;Jahr eigene;Jahr;Region eigene;Region Grimm;Wein
5;Eppishausen;X;48,16666667;10,51666667;1447;1447;CH;CH;
1;Burgau;X;48,43222222;10,40694444;1469;1469;CH;CH;
5;Thundorf;;50,2;10;1463;1463;CH;CH;i
5;Kriessern;X;47;10;1428;1428;CH;CH;
6;Marbach im Rheinthal bei Altstetten St. Gallen;X;47,39202;9,56889;1487;1487;CH;CH;
1;Chur;X;46,84829;9,53222;1450;15. Jh.;CH;CH;
1;Rorschach am Bodensee;X;47,478814;9,493842;1469;1469;CH;CH;i
1;Appenzell;X;47,33077;9,40876;1379;1379;CH;CH;
1;Tablatt bei St Gallen;X;47,4369;9,405;1471;1471;CH;CH;i
6;Pfeffers Mannzucht-Rodel bei St Gallen;;47,42356;9,37749;1523;1523;CH;CH;ei
5;Sommeri;X;47,566665;9,283335;1474;1474;CH;CH;
6;Zilschlacht;;47,5233;9,2604;1576;1576;CH;CH;ei
1;Lax (Graubünden);X;46,81;9,26;1303;1303;CH;CH;
5;Magdenau;X;47,40160262;9,17066575;1450;15. Jh.;CH;CH;
5;Oberbuerfn;Oberbüren;47,450002;9,166664;1481;1481;CH;CH;i
4;Tägerwylen westl von Konstanz;;47,655558;9,131383;1447;1447;CH;CH;ei
5;Oberuzwil;X;47,42972;9,12306;1436;1436;CH;CH;
1;Engwil bei Gottlieben Thurgau;X;47,617001;9,094724;1532;1532;CH;CH;
1;Ermatingen;X;47,66931;9,0799;1518;1518;CH;CH;
1;Ermatingen;X;47,66931;9,0799;1350;14. Jh.;CH;CH;
1;Thürlinden Thurgau;X;47,44749;9,06074;1458;1458;CH;CH;
4;Tobel;X;47,5166;9,0337;1492;1492;CH;CH;
1;Kilchberg Kirchberg Grafschaft Toggenburg;X;47,400001;9,033339;1515;1515;CH;CH;
4;Wigoltingen;X;47,59999722;9,016655556;1403;1403;CH;CH;
5;Werschwylen;X;48;9;NN;NN;CH;CH;
4;Oberhausen;;47,49;9;1393;1393;CH;CH;i_ei
5;Gebhardswil;X;47;9;1466;1466;CH;CH;
5;Wattwil;X;47;9;1500;um 1500;CH;CH;
4;Pfinn bei Frauenfeld;X;47,596064;8,955703;1502;1502;CH;CH;
1;Tanneg und Fischingen (Thurgau);X;47,4282;8,947;1432;1432;CH;CH;
1;Wellhausen im Thurgau;X;47,574;8,946;NN;NN;CH;CH;ei
1;Langenerchingen Landorf Mülheim bei Frauenfeld;X;47,5638;8,9079;NN;NN;CH;CH;ei
4;Frauenfeld;X;47,55606;8,89795;NN;NN;CH;CH;
5;Ueszlingen;Uesslingen;47,5816;8,8327;1420;1420;CH;CH;i
5;Ueszlingen;Uesslingen;47,5816;8,8327;1431;1431;CH;CH;
1;Oberwinterthur bei Winterthur;X;47,516666;8,768611;1472;1472;CH;CH;i
4;Binzikon;;47,284444;8,762504;1435;1435;CH;CH;ei
4;Kyburg;X;47,4571;8,74445;1487;1487;CH;CH;
1;Kyburg bei Zürich;X;47,4571;8,74445;1506;1506;CH;CH;
1;Einsiedeln;X;47,128055;8,743058;1493;1493;CH;CH;i
1;Ossingen bei Andelfingen;X;47,613054;8,727215;NN;NN;CH;CH;
4;Wollerau Pfäffikon;X;47,195826;8,719449;1484;1484;CH;CH;i
4;Thayngen bei Schaffhausen;X;47,746827;8,708725;1444;1444;CH;CH;i
1;Töss zwischen Zürich und Winterthur;X;47,490833;8,707222;1536;1536;CH;CH;
1;Neftenbach bei Winterthur;X;47,528611;8,668328;NN;NN;CH;CH;i
1;Fellanden am Greifensee;X;47,371944;8,640007;NN;NN;CH;CH;
1;Laufen bei Adelfingen;X;47,67111;8,636943;NN;NN;CH;CH;
4;Basserstorf;;47,44;8,63;1400;um 1400;CH;CH;i
4;Dübendorf;;47,398332;8,619445;1483;1483;CH;CH;i
1;Rheinau bei Schaffhausen;X;47,64416;8,60398;NN;NN;CH;CH;ei
4;Erlenbach Zürichsee;;47,30472;8,592499;1510;1510;CH;CH;i
1;Egeri bei Zug;X;47,138882;8,58472;1350;14. Jh.;CH;CH;
1;Rorbas bei Bülach;X;47,531665;8,58;1605;1605;CH;CH;
1;Thalweis, Oberrieden, Langnau;X;47,29142;8,56556;1572;1572;CH;CH;
4;Thalweil;X;47,29142;8,56556;1390;14. Jh. Ende;CH;CH;
1;Örlikon;X;47,410281;8,544459;NN;NN;CH;CH;
4;Wipkingen;X;47,39267;8,523429;1450;15. Jh.;CH;CH;
4;Wiedikon bei Greifensee;X;47,361944;8,514722;1450;15. Jh.;CH;CH;i
4;Bliggenstorf;X;47,2;8,5;1381;1381;CH;CH;
1;Höngg an der Limmat;X;47,401979;8,499374;1338;1338;CH;CH;
1;Neukilch im Klettgau;X;47,690275;8,499161;1330;1330;CH;CH;i
1;Neukilch im Klettgau;X;47,690275;8,499161;NN;NN;CH;CH;
1;Altrengensberg bei Zürich;X;47,428571;8,48202;1456;1456;CH;CH;
4;Dielsdorf bei Regensberg;X;47,48;8,45;1556;1556;CH;CH;
1;Regensberg;X;47,484164;8,438887;1501;1501;CH;CH;
1;Birmensdorf und Urdorf;X;47,35444;8,437779;1347;1347;CH;CH;
4;Buochs Vierwaldstättersee;X;46,98;8,42;1433;1433;CH;CH;
1;Kloster Engelberg Hofrodel;X;46,820556;8,409722;1290;13. Jh. Ende;CH;CH;
4;Merlischachen bei Kusznacht;X;47,065725;8,408202;1550;16. Jh.;CH;CH;
5;Dietikon;;47,405829;8,403896;NN;NN;CH;CH;i
4;Engelberg Unterwalden;X;46,82083;8,402785;1413;1413;CH;CH;
4;Berkon;X;47,35;8,37;1348;1348;CH;CH;
5;Hermetsschwil;Hermetschwil;47,33177;8,34526;1415;1415;CH;CH;i
5;Wettingen;X;47,46586;8,32666;1457;1457;CH;CH;
5;Wettingen;X;47,46586;8,32666;1488;1488;CH;CH;
5;Boswil;X;47,30075;8,31289;1343;1343;CH;CH;
4;Tätwil Aargau oder Tättwil;X;47,45259;8,28515;1456;1456;CH;CH;i
4;Tätwil Aargau;X;47,45259;8,28515;1456;1456;CH;CH;
4;Heratingen Ratoldswil;X;47,09393;8,27287;1400;um 1400;CH;CH;
1;Rickenbach und Schwarzenbach an der Glat;X;47,219719;8,153618;1495;1495;CH;CH;
5;Bielbenken;Biel-Beken;48;8;NN;NN;CH;CH;i
5;Wollen;Wollen;47;8;1406;1406;CH;CH;i
5;Muri;;47;8;1413;1413;CH;CH;i
5;Holderbank;;47;8;1424;1424;CH;CH;i
5;Koellikon;Köllikon;47;8;1401;15. Jh. Anfang;CH;CH;i
5;Wollen;Wollen;47;8;1562;1562;CH;CH;
4;Dagmersellen bei Lucern;X;47,213056;7,989455;1346;1346;CH;CH;i
1;Roggwil bei Arwangen Bern;X;47,241667;7,823623;1450;15. Jh.;CH;CH;i
4;Muttenz;X;47,52768;7,645004;1464;1464;CH;CH;
6;Twann;;47,0947;7,1562;1426;1426;CH;CH;i
1;Twann am Bielersee;X;47,0947;7,1562;1426;1426;CH;CH;ei
5;Tessenberg;X;47;7;1352;1352;CH;CH;
4;Basel;;;;1260;1260;CH;CH;i
1;Höngg;X;;;1338;1338;CH;CH;i
1;Höngg;;;;1338;1338;CH;CH;i
1;Birmenstorf und Urdorf;X;;;1347;1347;CH;CH;i
1;Appenzell;X;;;1379;1379;CH;CH;i
5;Rotmonten;;;;1383;1383;CH;CH;i
1;Hege;X;;;1396;1396;CH;CH;i
5;Riehen bei Basel;;;;1413;1413;CH;CH;i
5;Weil bei Riehen;;;;1413;1413;CH;CH;i
4;Knonau;;;;1414;1414;CH;CH;i
1;Ruseck (Aargau);;;;1423;1423;CH;CH;i
4;Nieder- und Mättmenhalse;;;;1436;1436;CH;CH;i
1;Altregensperg;X;;;1456;1456;CH;CH;i
1;Hege;X;;;1464;1464;CH;CH;i
1;Niderbüren;X;;;1469;1469;CH;CH;i
1;Mülheim;X;;;1475;1475;CH;CH;i
5;Zuozwil;;;;1488;1488;CH;CH;i
1;Rickenbach (St. Gallen);;;;1495;1495;CH;CH;i
5;Schneckenbund (ein Niedergericht im Amt Wil);;;;1495;1495;CH;CH;i
4;Escholzmatt;;;;1500;1500;CH;CH;i
4;Rümlang;;;;1503;1503;CH;CH;i
1;Embrach;X;;;1518;1518;CH;CH;i
1;Ermatingen;X;;;1518;1518;CH;CH;i
4;Gottlieben;;;;1521;1521;CH;CH;i
5;Mumpf am Rhein bei Säckingen;;;;1535;1535;CH;CH;i
4;Hirslanden Stadelhofen;;;;1538;1538;CH;CH;i
5;Moelinbach (bei Rheinfelden und Mumpf);;;;1594;1594;CH;CH;i
1;Ermatingen;X;;;1350;14. Jh.;CH;CH;i
1;Egeri;;;;1350;14.Jh.;CH;CH;i
1;Stäfner am Zürcher See;X;;;1450;15. Jh.;CH;CH;i
4;Rümlang;;;;1450;15. Jh.;CH;CH;i
5;Helfenswil Linggenwil Amtenzell;;;;1450;15. Jh.;CH;CH;i
1;Ellikon;X;;;NN;NN;CH;CH;i
1;Herzogenbuchs;;;;NN;NN;CH;CH;i
4;Egringen;;;;NN;NN;CH;CH;i
4;Embrach;;;;NN;NN;CH;CH;i
4;Emmen;;;;NN;NN;CH;CH;i
4;Hegi;;;;NN;NN;CH;CH;i
4;Wäningen;;;;NN;NN;CH;CH;i
1;Wagenhausen (bei Stein am Rhein);X;;;1491;1491;CH;CH;ei
5;Pratteln bei Sissach;;;;NN;NN;CH;CH;
4;St. Gilgen Thürkheim;X;48,086389;7,280556;1350;14. Jh.;Elsass;Elsass;i
5;Sundhausen;;51,15694444;10,71583333;NN;NN;Elsass;Elsass;i
5;Hatten;X;53,03888889;8,338611111;1490;1490;Elsass;Elsass;
5;Hoerdt;Hördt;49,16555556;8,326388889;1565;1565;Elsass;Elsass;ei
1;Landau;X;49,199444;8,123056;1295;1295;Elsass;Elsass;
5;Offenheim;;49,72555556;8,030277778;1477;vor 1478;Elsass;Elsass;i
5;Wasserburg;X;49;8;1441;1441;Elsass;Elsass;
5;Rittershofen;X;48,90361111;7,951666667;1385;1385;Elsass;Elsass;
1;Alsenzbruck bei Winnweiler Donnersberg;X;49,565;7,881944;1507;1507;Elsass;Elsass;
5;Mattstall;X;48,986807;7,760403;NN;NN;Elsass;Elsass;
1;Fegersheim bei Strasbourg;X;48,490556;7,680278;NN;NN;Elsass;Elsass;
5;Dingsheim;;48,63055556;7,669722222;1350;14.Jh.;Elsass;Elsass;i
5;Erstein;;48,42194444;7,661111111;1407;1407;Elsass;Elsass;i
5;Achenheim;;48,58111111;7,626944444;1423;1423;Elsass;Elsass;i
1;Swindrazheim bei Brumat und Buchsweilser;X;48,756944;7,601667;NN;NN;Elsass;Elsass;
1;Ütenheim = Ittemheim bei Strasbourg und Wangen;X;48,604167;7,594444;1550;16. Jh.;Elsass;Elsass;
5;Düppigheim;X;48,52861111;7,593611111;1528;1528;Elsass;Elsass;
1;Hohenfrankenheim bei Brumat, Maursmünster;X;48,730833;7,577222;NN;NN;Elsass;Elsass;ei
4;Volgelsheim bei Neubreisach;X;48,015833;7,547778;1390;14. Jh. Ende;Elsass;Elsass;
4;Balgau;X;47,92805556;7,540277778;1471;1471;Elsass;Elsass;
5;Waltorf Jetzt Bosselshausen;Bosselshausen;49;7,5111;1538;1538;Elsass;Elsass;ei
4;Ohnenheim;X;48,18361111;7,507222222;1401;15. Jh. Anfang;Elsass;Elsass;i
4;Geisweiler Kanton Hochfelden;X;48,788056;7,505;1550;16. Jh.;Elsass;Elsass;
4;Jebsheim bei Colmar;X;48,123611;7,476667;1590;16. Jh. Ende;Elsass;Elsass;i
5;Dangolsheim Traenheim;;48,57138889;7,467222222;NN;NN;Elsass;Elsass;ei
4;Sierenz bei Hüningen und Mühlhausen;X;47,655556;7,455833;1425;1425;Elsass;Elsass;
4;Leberach bei Schletsstadt;X;48,259444;7,454167;1202;13. Jh. Anfang;Elsass;Elsass;
5;Barr;;48,40805556;7,449722222;1361;1361;Elsass;Elsass;ei
5;Wasselnheim Brechlingen;;48,6375;7,448333333;1529;1529;Elsass;Elsass;ei
1;Euchhofen ;Eichhoffen;48,383611;7,441667;NN;NN;Elsass;Elsass;ei
1;Gressweiler (J. Grimm findet diesen Ort nicht);X;48,535278;7,430556;NN;NN;Elsass;Elsass;
4;Sundhofen;;48,04333333;7,413611111;NN;NN;Elsass;Elsass;i_ei
5;Romanswiller;;48,64527778;7,406944444;1344;1344;Elsass;Elsass;ei
5;Romanswiller;;48,64527778;7,406944444;1589;1589;Elsass;Elsass;ei
6;Wir bei Horburg;;48,079444;7,394444;1598;1598;Elsass;Elsass;i
1;Molkirch bei Berse und Haslach;X;48,5072;7,3861;1548;1548;Elsass;Elsass;
4;Berentzwiller bei Hüningen;;47,59;7,38;1420;1420;Elsass;Elsass;i
4;Obereutzen;X;47,943611;7,377778;1461;1461;Elsass;Elsass;
4;Werentzhausen bei Altkirch;X;47,516944;7,3575;1420;1420;Elsass;Elsass;i
4;St. Catharina Dinghof Hochenburg;X;48,081111;7,355;1514;1514;Elsass;Elsass;
4;Mittelwir bei Sigolsheim;X;48,150833;7,319444;1585;1585;Elsass;Elsass;i
5;Ribeauvillé;X;48,19527778;7,318333333;1580;1580;Elsass;Elsass;
5;Ferrette;X;47,49388889;7,315833333;1450;1450;Elsass;Elsass;
4;Grenzingen Henflingen bei Riespach;;47,565278;7,298889;1420;1420;Elsass;Elsass;i
4;Zillisheim;;47,69527778;7,295555556;1594;1594;Elsass;Elsass;ei
4;Emlingen Wiltersdorf Tagsdorf östl von Altkirch;;47,623611;7,291111;1420;1420;Elsass;Elsass;i
4;Riespack bei Altkirch;X;47,540556;7,287778;1390;14. Jh. Ende;Elsass;Elsass;
1;Ellstatt bei Türkheim und Oggersheim;X;48,086389;7,280556;NN;NN;Elsass;Elsass;
4;Lutterbach;;47,75972222;7,280555556;1401;15. Jh. Anfang;Elsass;Elsass;i
4;Zimmerbach bei Münster;;48,072778;7,236944;1450;15. Jh.;Elsass;Elsass;i
4;Reiningen;;47,750556;7,231389;1581;1581;Elsass;Elsass;ei
4;Aspach;;47,64;7,23;1420;1420;Elsass;Elsass;i
1;Speckbach bei Altkirch;X;47,671111;7,229167;NN;NN;Elsass;Elsass;
4;Heimsbrunn bei Mühlhausen;;47,726667;7,226389;1301;14. Jh. Anfang;Elsass;Elsass;i
4;St. Lükart;;47,596667;7,222222;1354;1354;Elsass;Elsass;i
4;St. Lükart;;47,596667;7,222222;1772;1772;Elsass;Elsass;ei
4;St. Lücker zwischen Hirtzbach und Carspach;X;47,596667;7,222222;1448;1448;Elsass;Elsass;
4;Ober-Spechbach;;47,68055556;7,216666667;1420;1420;Elsass;Elsass;i
4;Karspach;X;47,61527778;7,211944444;1420;1420;Elsass;Elsass;i
4;Gebweiler bei Sulz;;47,9075;7,210278;1397;1397;Elsass;Elsass;i
5;Gebweiler;;47,9075;7,210277778;1444;1444;Elsass;Elsass;i
4;Enschingen;X;47,671111;7,201667;1420;1420;Elsass;Elsass;i
4;Wattwiller bei Thann;X;47,836389;7,180278;1397;1397;Elsass;Elsass;i
4;Balschwiller;;47,66888889;7,168333333;1413;1413;Elsass;Elsass;ei
4;Niederburnhaupt;X;47,71777778;7,161666667;1382;1382;Elsass;Elsass;i
6;Wasserburg;;48,003056;7,158333;NN;NN;Elsass;Elsass;i
4;Budwiller;;47,656389;7,149444;1420;1420;Elsass;Elsass;i
4;Münster bei Colmar;X;48,041389;7,134167;1339;1339;Elsass;Elsass;i_ei
4;Münster bei Colmar;X;48,041389;7,134167;1498;1498;Elsass;Elsass;
4;Gildwiller;;47,68944444;7,134166667;NN;1394-1625;Elsass;Elsass;ei
4;Ober-Aspach bei Nieder-Aspach;X;47,775278;7,1325;1588;1588;Elsass;Elsass;
4;Dammerkirch Dannemarie;;47,63;7,12;1578;1578;Elsass;Elsass;ei
4;Hohenrodern;X;47,78;7,092222;1354;1354;Elsass;Elsass;i
5;Uffrieth;;49;7;1528;1528;Elsass;Elsass;i
5;Struth;;49;7;1585;1585;Elsass;Elsass;i
5;Dettwiller;;;;1380;1380;Elsass;Elsass;i_ei
1;Appenwiler;Appenwihr;;;1486;1486;Elsass;Elsass;i_ei
5;Hattgau;;;;1494;1494;Elsass;Elsass;i_ei
5;Bergbieten Boelenheim;;;;1499;1499;Elsass;Elsass;i_ei
4;Kuenheim;;;;1513;1513;Elsass;Elsass;i_ei
4;Bergheim;;;;Mitte 14. Jh. ;1369 1551;Elsass;Elsass;i_ei
4;Oberhergheim;;;;1390;Ende 14. Jh.;Elsass;Elsass;i_ei
1;Neuweiler (Pfalzburg);X;;;NN;NN;Elsass;Elsass;i_ei
1;Oberstotzheim (bei Stotzheim);X;;;NN;NN;Elsass;Elsass;i_ei
5;Preinsdorf Preuschdorf;;;;NN;NN;Elsass;Elsass;i_ei
1;Andlau (Breisgau);X;;;1284;1284;Elsass;Elsass;i
1;Andlau (im Breisgau);;;;1284;1284;Elsass;Elsass;i
5;Sulze;;;;1300;1300;Elsass;Elsass;i
5;Kleinfrankenheim (bei Truchersheim);;;;1307;1307;Elsass;Elsass;i
1;Selz;X;;;1310;1310;Elsass;Elsass;i
1;Artoltzheim Artelsheim;Artolsheim;;;1320;1320;Elsass;Elsass;i
1;Ebersheimmünster;X;;;1320;1320;Elsass;Elsass;i
1;Sigolzheim;X;;;1320;1320;Elsass;Elsass;i
5;Griesheim (Elsass);;;;1340;1340;Elsass;Elsass;i
5;Pfeffingen Phaffans (östl. von Belfort);;;;1344;1344;Elsass;Elsass;i
5;Ruffach;;;;1349;1349;Elsass;Elsass;i
4;Sennheim;;;;1354;1354;Elsass;Elsass;i
4;Wiedensohlen;;;;1364;1364;Elsass;Elsass;i
5;Qualzenheim;;;;1375;1375;Elsass;Elsass;i
4;Issenheim;;;;1382;1382;Elsass;Elsass;i
1;Grosskems;X;;;1384;1384;Elsass;Elsass;i
4;Logenheim;;;;1404;1404;Elsass;Elsass;i
4;Sigolsheim;;;;1407;1407;Elsass;Elsass;i
4;Berenzwiller;;;;1420;1420;Elsass;Elsass;i
4;Ramerschmatt;;;;1420;1420;Elsass;Elsass;i
4;Turkheim;Türkheim;;;1422;1422;Elsass;Elsass;i
5;Duntzenheim;;;;1438;1438;Elsass;Elsass;i
5;Hohennack (bei Münster am Kaiserberg);;;;1441;1441;Elsass;Elsass;i
4;Bühl Bühel bei Sulz;;;;1453;1453;Elsass;Elsass;i
1;Zimersheim (bei Habsheim);X;;;1483;1483;Elsass;Elsass;i
1;Heiligenberg;X;;;1485;1485;Elsass;Elsass;i
4;Egisheim;;;;1508;1508;Elsass;Elsass;i
4;Brinighofen;;;;1510;1510;Elsass;Elsass;i
4;Richisheim Rixheim;;;;1532;1532;Elsass;Elsass;i
4;Sulzmatt;;;;1450;15. Jh.;Elsass;Elsass;i
1;Ittenheim ;X;;;1550;16. Jh.;Elsass;Elsass;i
1;Ütenheim;Ittenheim;;;1550;16. Jh.;Elsass;Elsass;i
5;Olvisheim;;;;NN;Abschrift 16. Jh.;Elsass;Elsass;i
5;Reitwiller;;;;NN;Abschrift 16. Jh.;Elsass;Elsass;i
4;Metzeral bei Sigolsheim;;;;1401;Anfang 15. Jh.;Elsass;Elsass;i
4;Riespach;;;;1390;Ende 14. Jh.;Elsass;Elsass;i
1;Bruschwickersheim;;;;NN;NN;Elsass;Elsass;i
1;Dankrotsheim Trenheim Dosenheim;X;;;NN;NN;Elsass;Elsass;i
1;Fegersheim;;;;NN;NN;Elsass;Elsass;i
1;Hüningen (bei Basel);X;;;NN;NN;Elsass;Elsass;i
1;Ingemersheim;X;;;NN;NN;Elsass;Elsass;i
1;Nothalden (bei Andlau);X;;;NN;NN;Elsass;Elsass;i
1;Oberhachental;X;;;NN;NN;Elsass;Elsass;i
1;Swindrazheim;Schwindratzheim;;;NN;NN;Elsass;Elsass;i
1;Wrazhoven;X;;;NN;NN;Elsass;Elsass;i
1;Wrazhoven;Westhoffen;;;NN;NN;Elsass;Elsass;i
4;Bühl Bühel bei Sulz;;;;NN;NN;Elsass;Elsass;i
5;Griespach Griesbach (bei Münster);;;;NN;NN;Elsass;Elsass;i
5;Ingwiller;;;;NN;NN;Elsass;Elsass;i
5;Kintzheim;;;;NN;NN;Elsass;Elsass;i
5;Lohr (Elsass);;;;NN;NN;Elsass;Elsass;i
5;St. Hippolyte;;;;NN;NN;Elsass;Elsass;i
1;Haselach (bei Molsheim);X;;;1336;1336;Elsass;Elsass;ei
5;Pfettisheim;;;;1340;1340;Elsass;Elsass;ei
4;Heimersheim;;;;1413;1413;Elsass;Elsass;ei
5;Saint Jean des Choux;;;;1413;1413;Elsass;Elsass;ei
5;Lutter Brunn (bei Belfort);;;;1450;1450;Elsass;Elsass;ei
4;Herlisheim bei Colmar;;;;1454;1454;Elsass;Elsass;ei
4;Hürtigheim (bei Fessenheim und Strasbourg);;;;1454;1454;Elsass;Elsass;ei
4;Griesheim;;;;1462;1462;Elsass;Elsass;ei
4;Deckwiller zerstörtes Dorf bei Reiningue;Reiningue;;;1497;1497;Elsass;Elsass;ei
4;Sulzbach;Soppe-le-Bas;;;1507;1507;Elsass;Elsass;ei
5;Schaffhausen;Schaffhouse-près-Seltz;;;1507;1507;Elsass;Elsass;ei
5;Avolsheim;;;;1521;1521;Elsass;Elsass;ei
1;Bibelnheim;;;;1529;1529;Elsass;Elsass;ei
5;Sesselsheim;;;;1529;1529;Elsass;Elsass;ei
5;Darstein (bei Ober-Schlettenbach);;;;1530;1530;Elsass;Elsass;ei
1;Ekbolzheim;Ekbolzheim;;;1532;1532;Elsass;Elsass;ei
5;Urbeisthal (bei Hachinette);;;;1536;1536;Elsass;Elsass;ei
1;Imbsheim;Imsheim;;;1559;1559;Elsass;Elsass;ei
4;Kaisers Dinghof Egissheim;;;;1559;1559;Elsass;Elsass;ei
4;Witzenheim;;;;1566;1566-1652;Elsass;Elsass;ei
5;Sulze;;;;1574;1574;Elsass;Elsass;ei
4;Gewenheim;;;;1579;1579;Elsass;Elsass;ei
1;Hengweiler;;;;1584;1584;Elsass;Elsass;ei
4;Hundspach;Hunspach;;;1588;1588;Elsass;Elsass;ei
4;Kienzheim bei Sigolsheim;;;;1597;1597-1734;Elsass;Elsass;ei
1;Waldolvisheim;Wittelsheim;;;1612;1612;Elsass;Elsass;ei
5;Ebersheimmuenster;;;;1612;1612;Elsass;Elsass;ei
5;Menchhofen;;;;1621;1621;Elsass;Elsass;ei
4;Hecken;;;;1661;1661;Elsass;Elsass;ei
5;Balbronn;;;;1663;1663;Elsass;Elsass;ei
5;Behlenheim;;;;1550;16. Jh.;Elsass;Elsass;ei
5;Odern (im St. Amarinthal);;;;NN;Abschrift 16. Jh.;Elsass;Elsass;ei
1;Geispolzheim ;Geispizheim;;;NN;NN;Elsass;Elsass;ei
1;Kleinfrankenheim;;;;NN;NN;Elsass;Elsass;ei
1;Mülbach;Mollkirch;;;NN;NN;Elsass;Elsass;ei
1;Scherwiller;X;;;NN;NN;Elsass;Elsass;ei
1;Wolksheim;Wolxheim;;;NN;NN;Elsass;Elsass;ei
1;Zusendorf;;;;NN;NN;Elsass;Elsass;ei
4;Dickenhof;;;;NN;NN;Elsass;Elsass;ei
5;Dahlenheim;;;;NN;NN;Elsass;Elsass;ei
5;Durningen;;;;NN;NN;Elsass;Elsass;ei
5;Goersdorf;;;;NN;NN;Elsass;Elsass;ei
5;Hindisheim;;;;NN;NN;Elsass;Elsass;ei
5;Lampersloch;;;;NN;NN;Elsass;Elsass;ei
5;Limersheim;;;;NN;NN;Elsass;Elsass;ei
5;Neugartheim;;;;NN;NN;Elsass;Elsass;ei
5;Printzheim;;;;NN;NN;Elsass;Elsass;ei
5;Wangen (Elsass);;;;NN;NN;Elsass;Elsass;ei
5;Schaffhausen;Schaffhouse-près-Seltz;;;1474;1474;Elsass;Elsass;
4;Ammertzswiller;;;;1576;1576;Elsass;Elsass;
5;Reitwiller;;;;1250;13. Jh.;Elsass;Elsass;
4;Wilr Wir Weiler im Thal;;;;1490;Ende 15. Jh.;Elsass;Elsass;
1;Elhalden (Ehlhalten) Nithusen;X;50,174992;8,368401;1482;1482;MDT;MDT;i
5;Heldenberg;X;48,5;15,95;1433;1433;MDT;Hessen;
6;Vilseck bei Amberg Oberpfalz;X;49,610833;11,805278;1410;1410;MDT;Franken;
6;Reichswald bei Nürnberg;X;49,49712;11,184769;1294;1294;MDT;Franken;
3;Hausen;X;49,9;11,03;1449;1449;MDT;Franken;
3;Meiningen;X;50,57;10,42;1450;1450;MDT;Franken;
3;Behrungen bei Mellrichstadt;X;50,41;10,41;NN;NN;MDT;Thüringen;
3;Herrnbreitingen;X;50,75;10,35;1499;1499;MDT;Franken/Thüringen;
3;Großen Bursla;X;51,12;10,12;1441;1441;MDT;Hessen;
3;Monre;X;50,79;10,1;1457;1457;MDT;Thüringen;
6;Unter-Pleichfeld, Esleben, Kuernach bei Würzburg;X;49,866667;10,05;1400;1400;MDT;Franken;
6;Eibelstadt;;49,72388889;10,00083333;1396;1396;MDT;Franken;ei
3;Schontra bei Kissingen;X;50,27;9,86;1450;15. Jh.;MDT;Franken;
3;Ufhausen bei Eiterfeld;X;50,76;9,8;1501;1501;MDT;Hessen;i
3;Ufhausen bei Eiterfeld;;50,76;9,8;1511;1511;MDT;Hessen;i
3;Wartmansrode;X;50,17;9,79;NN;NN;MDT;Franken;
6;Nieder-Altertheim bei Würzburg;;49,729722;9,743889;1420;1420;MDT;Franken;i
3;Vttingen;Uttingen;49,8;9,73;1410;1410;MDT;Franken;i
3;Helmstatt;X;49,77;9,72;1410;1410;MDT;Franken;i
6;Remlingen bei Wertheim;X;49,804444;9,694167;1409;1409;MDT;Franken;
5;Fulda;X;50,555894;9,681372;1435;1435;MDT;Hessen;
3;Hofstetten/Hofstätten;X;50,03;9,66;1384;1384;MDT;Franken;
3;Hofstetten/Hofstätten;X;50,03;9,66;1456;1456;MDT;Franken;
3;Dieffenthal;X;49,8;9,6;1449;1449;MDT;Franken;
6;Rotenfels bei Lohr und Wertheim;X;49,890296;9,59018;1494;1494;MDT;Franken;
3;Lichenrode;X;51,02;9,59;1388;1388;MDT;Hessen;
3;Lohr;X;49,99;9,58;1425;1425;MDT;Franken;
6;Neustadt Erlach ;;49,929748;9,574894;1494;1494;MDT;Franken;ei
3;Flieden bei Schlüchtern;X;50,42;9,57;1442;1442;MDT;Hessen;
3;Haidenfeld;X;49,76;9,52;1420;1420;MDT;Franken;
3;Salzschlirf;X;50,62;9,51;1506;1506;MDT;Hessen;i
3;Salzschlirf;X;50,62;9,51;1748;1748;MDT;Hessen;ei
3;Schlechtenwegen;X;50,54;9,43;1417;1417;MDT;Hessen;
3;Lauterbach;;50,64;9,4;1589;1589;MDT;Hessen;ei
3;Lauterbach;;50,64;9,4;1569;1569;MDT;Hessen;
3;Lauterbach;;50,64;9,4;1350;14. Jh.;MDT;Hessen;
3;Burgjassa bei Salmünster;X;50,28;9,37;1451;1451;MDT;Franken;i
6;Unter- und Oberschippach bei Klingenberg;X;49,670721;9,31655;1594;1594;MDT;Franken;
6;Burgstadt bei Miltenberg;X;49,713611;9,271389;1465;1465;MDT;Franken;
3;Illnhausen;X;50,4;9,27;1460;1460;MDT;Hessen;
5;Wirtheim;X;50,2225;9,262777778;1361;1361;MDT;Hessen;
6;Eschau im Spessart;;49,820278;9,257222;1462;vor 1463;MDT;Franken;i_ei
6;Eschau im Spessart;;49,820278;9,257222;1463;1463;MDT;Franken;
4;Soden Weistumb Soden am Sulzbach;;49,926722;9,2162;1634;1634;MDT;MDT;ei
3;Altenhaßlau;X;50,19;9,19;1354;1354;MDT;Hessen;
6;Laudenbach bei Karlstadt am Main;X;49,745833;9,176111;1468;1468;MDT;Franken;
3;Büdingen;X;50,29;9,11;1380;1380;MDT;Hessen;i
3;Rorbach;X;50,31;9,05;1350;14. Jh.;MDT;Hessen;
3;Selbold;X;50,18;9,04;1366;1366;MDT;Hessen;
1;Nidda;X;50,412778;9,009167;NN;NN;MDT;MDT;ei
5;Großlinden;X;51;9;1537;1537;MDT;Hessen;
5;Schotten;;50,5;9;NN;NN;MDT;Hessen;i
5;Oberwöllstadt;X;50;9;1478;1478;MDT;Hessen;
5;Erlenbach;X;50;9;1484;1484;MDT;Hessen;
5;Seulenberg;X;50;9;1484;1484;MDT;Hessen;
3;Krotzenburg;X;50,08;8,98;1415;1415;MDT;Franken;
3;Kleinwelzheim;X;50,04;8,98;1533;1533;MDT;Franken;
5;Nieder-Mockstadt;X;50,33299444;8,944447222;1663;1663;MDT;Hessen;
4;Hausen Obertshausen bei Offenbach;X;50,075898;8,864079;1550;16. Jh.;MDT;MDT;
4;Offenbach;X;50,097222;8,855556;1550;16. Jh.;MDT;MDT;
3;Keuchen;X;50,26;8,84;1401;15. Jh. Anfang;MDT;Hessen;
5;Melbach;X;50,38055556;8,808333333;1475;1475;MDT;Hessen;
1;Bibrau = Bebra zwischen Offenbach und Seligenstadt;X;50,088889;8,803056;1385;1385;MDT;MDT;
3;Steinbach;X;50,55;8,78;1492;1492;MDT;Hessen;
6;Webern bei Lindenfels Odenwald;;49,753611;8,755556;1566;1566;MDT;MDT;ei
3;Vilbel;X;50,18;8,74;1453;1453;MDT;Hessen;
1;Hain bei Dreieich;X;49,999792;8,711944;NN;NN;MDT;MDT;
3;Offenthal-Dreieich;X;50,02;8,7;1380;1380;MDT;Hessen;
3;Bonames;X;50,18333333;8,664722222;1441;1441;MDT;Hessen;
5;Heppenheim;;49,64152778;8,645;1497;1497;MDT;MDT;ei
5;Heppenheim;;49,64152778;8,645;1494;1494;MDT;MDT;
1;Zwingenberg Bergstraße bei Malchenberg;X;49,7225;8,613889;1688;zwischen 1688 und 1739;MDT;MDT;
1;Schwanheim bei Höchst;X;50,086944;8,581944;1421;1421;MDT;MDT;
1;Mörfeld bei Darmstadt;X;49,975827;8,567896;NN;NN;MDT;MDT;ei
1;Gerau bei Darmstadt;X;49,921389;8,481806;NN;NN;MDT;MDT;
1;Hornau Kelchheim;X;50,147222;8,451389;1482;1482;MDT;MDT;i
3;Wicker;X;50,03;8,4;1553;1553;MDT;Hessen;
5;Schifferstadt;;49,38611111;8,376111111;1501;1501;MDT;MDT;ei
1;Nordenstat bei Wiesbaden;X;50,063889;8,343056;1426;1426;MDT;MDT;
5;Bellheim;X;49,19805556;8,279166667;1565;1565;MDT;MDT;
3;Runkel;X;50,41;8,16;1449;1449;MDT;Hessen;
6;Maikammer;X;49,30638889;8,129444444;1577;1577;MDT;MDT;
1;Gärteshecken bei Burgschwalbach und Hanstetten;;50,283222;8,080275;1540;1540;MDT;MDT;ei
6;Steinfeld Rotfels;;49,046763;8,038642;1494;1494;MDT;Franken;ei
1;Fossenhelde = Fuchshöhe bei Diez;X;50,370833;8,015833;1383;1383;MDT;MDT;ei
1;Fossenhelde;X;50,370833;8,015833;1444;1444;MDT;MDT;ei
3;Bischofsheim;;50;8;1460;1460;MDT;Hessen;i
5;Bischofsheim;;50;8;1503;1503;MDT;Hessen;ei
5;Stetten;X;50;8;1521;1521;MDT;Hessen;
4;Rheingau Land;X;49,979021;7,923435;1324;1324;MDT;Hessen;
1;Reingau;X;49,979021;7,923435;1487;1487;MDT;MDT;
4;Naumberg;X;49,79837;7,9224;1450;15. Jh.;MDT;MDT;
1;Rotzenhain ;Rotenhain;50,600833;7,8825;1537;1537;MDT;MDT;ei
1;Alsenzbruck;Alsenbrück-Langmeil;49,565;7,881944;1507;1507;MDT;MDT;ei
5;Wilgartswiesen;X;49,20916667;7,879444444;NN;NN;MDT;MDT;
1;Örbach bei Dierdorf;X;50,548889;7,659444;1480;1480;MDT;MDT;
1;Steimel;X;50,617778;7,627778;1670;1670;MDT;MDT;ei
5;Landstuhl;X;49,41222222;7,572222222;NN;NN;MDT;MDT;
3;Sal;Remigiusberg;49,521567;7,438881;1487;1487;MDT;Franken;ei
5;Ginnersdorf (Gönnersdorf);X;50;7;1494;1494;MDT;Hessen;
6;Losheim;;49,509777;6,756679;1599;1599;MDT;MDT;ei
6;Losheim;;49,509777;6,756679;1590;1590;MDT;MDT;
3;Florstad Flanstad;Florstadt;;;1416;1416;MDT;Hessen;i_ei
3;Haidenfeld;;;;1420;1420;MDT;Franken;i_ei
3;Lengfurt;;;;1448;1448;MDT;Franken;i_ei
6;Karbach;;;;1448;1448;MDT;Franken;i_ei
6;Kreuzwertheim am Main;;;;1449;1449;MDT;Franken;i_ei
5;Kalbach (bei Büdingen);;;;1525;1525;MDT;MDT;i_ei
1;Dürkheim;X;;;1530;1530;MDT;MDT;i_ei
1;Bendorf (bei Sayn);X;;;1671;1671;MDT;MDT;i_ei
3;Öringen;Öringen;;;1253;1253;MDT;Franken;i
1;Boffisheim Bofsheim ;Osterburken;;;1301;1301;MDT;MDT;i
4;Babenhausen;;;;1355;1355;MDT;MDT;i
1;Seligenstadt;;;;1390;1390;MDT;MDT;i
6;Kirchzell;;;;1395;1395;MDT;Franken;i
3;Sebold;;;;1407;1407;MDT;Hessen;i
6;Helblingstatt jetzt Helmstatt;;;;1410;1410;MDT;Franken;i
3;Herolz;;;;1417;1417;MDT;Hessen;i
3;Herolz (bei Schlüchtern);;;;1417;1417;MDT;Hessen;i
3;Mümlingen;Mümling bei Michelstadt;;;1422;1422;MDT;Franken;i
1;Lorsch;;;;1423;1423;MDT;MDT;i
5;Muenzenberg;Münzenberg;;;1427;1427;MDT;MDT;i
1;Seligenstadt;;;;1429;1429;MDT;MDT;i
1;Seligenstadt;;;;1435;1435;MDT;MDT;i
3;Bonames;Frankfurt-Bonames;;;1441;1441;MDT;Hessen;i
3;Flieden;;;;1442;1442;MDT;Hessen;i
1;Siglingen;;;;1470;1470;MDT;MDT;i
1;Schafheim;Schaafheim;;;1475;1475;MDT;MDT;i
1;Westerwald;X;;;1495;1495;MDT;MDT;i
4;Hainhausen;;;;1500;1500;MDT;MDT;i
1;Alzey;X;;;1589;1589;MDT;MDT;i
4;Oberroden;;;;1550;16. Jh.;MDT;MDT;i
3;Seufersburg ;Seifriedsburg;;;NN;NN;MDT;Franken;i
6;Oberbessenbach;;;;NN;NN;MDT;Franken;i
5;Schluechtern;Schlüchtern;;;NN;NN;MDT;MDT;i
3;Altenhaslau;Altenhaßlau (Linsengericht);;;1354;1354;MDT;Hessen;ei
3;Bülfrigheim;;;;1406;1406;MDT;Franken;ei
1;Sulzbach;X;;;1408;1408;MDT;MDT;ei
1;Niedersteinheim;X;;;1430;1430;MDT;MDT;ei
3;Lengfurt;;;;1448;1448;MDT;Franken;ei
6;Birkenfeld;;;;1448;1448;MDT;Franken;ei
6;Greusenheim (Rotfels);;;;1448;1448;MDT;Franken;ei
3;Diffenthal;Tiefenthal (Erlenbach bei Marktheidenfeld) ;;;1449;1449;MDT;Franken;ei
3;Hausen;;;;1449;1449;MDT;Franken;ei
5;Rodheim;;;;1454;1454;MDT;Hessen;ei
5;Beyenheim (bei Friedberg);;;;1455;1455;MDT;Hessen;ei
3;Hofstätten, Massenbuch, Halsbach;Hofstetten (Gemünden am Main);;;1456;1456;MDT;Franken;ei
3;Altenhaslau;Altenhaßlau (Linsengericht);;;1461;1461;MDT;Hessen;ei
3;Obernaula;Oberaula;;;1462;1462;MDT;Hessen;ei
3;Kaltensondheim;;;;1468;1468;MDT;Franken;ei
3;Schonterfeld Michaelau;Michelau in Oberfranken;;;1469;1469;MDT;Franken;ei
3;Lauterbach;;;;1469;1469;MDT;Hessen;ei
6;Theilheim (bei Würzburg);;;;1473;1473;MDT;Franken;ei
3;Heidenheim;Wassertrüdingen;;;1482;1482;MDT;Franken;ei
1;Strassheim;Straßenheim (bei Mannheim);;;1484;1484;MDT;MDT;ei
5;Fahr Ginnersdorf Wolfendorf;;;;1494;1494;MDT;MDT;ei
1;Dörsdorf;X;;;1523;1523;MDT;MDT;ei
3;Hofbibra;Hofbieber;;;1525;1525;MDT;Hessen;ei
6;Heidenheim Kloster Anhausen;;;;1526;1526;MDT;Franken;ei
1;Sandhofen (bei Mannheim);;;;1527;1527;MDT;MDT;ei
6;Wenigen-Umstadt;;;;1530;1530;MDT;MDT;ei
3;Kleinwelzheim;;;;1533;1533;MDT;Franken;ei
6;Neustadt (bei Wertheim);;;;1534;1534;MDT;Franken;ei
6;Pfloxbach;;;;1537;1537;MDT;Franken;ei
3;Hofstätten, Massenbuch, Halsbach;Hofstetten (Gemünden am Main);;;1552;1552;MDT;Franken;ei
1;Kriftel (Borne und Crüftel);X;;;1556;1556;MDT;MDT;ei
3;Winnerod;;;;1561;1561;MDT;Hessen;ei
4;Virnheim;;;;1562;1562;MDT;MDT;ei
5;Rodenbach (bei Hanau);;;;1565;1565;MDT;Hessen;ei
6;Struth bei Kirn;;;;1565;1565;MDT;MDT;ei
5;Kleinlinden;;;;1577;1577;MDT;Hessen;ei
5;Sprendlingen (zw. Frankfurt und Darmstadt);;;;1579;1579;MDT;Hessen;ei
3;Wassergericht;;;;1611;1611;MDT;Hessen;ei
1;Niederdreiss;;;;1622;1622;MDT;MDT;ei
1;Heimbach Weiss Gladbach (bei Koblenz);X;;;1630;1630;MDT;MDT;ei
1;Winden;X;;;1658;1658;MDT;MDT;ei
5;Mockstadt;;;;1663;1663;MDT;Hessen;ei
3;Ried;Harheimer Ried;;;1708;1708;MDT;Hessen;ei
3;Schwalheim;;;;1779;1779;MDT;Hessen;ei
3;Behrungen;Behrungen Grabfeld;;;1782;1782;MDT;Thüringen;ei
1;Otterberg (bei Kaiserslautern);;;;1550;16. Jh.;MDT;MDT;ei
3;Wirzburg;Würzburg;;;1350;Mitte 14. Jh. ;MDT;Franken;ei
3;Zwischen der Eiche;Klingenberg am Main;;;NN;NN;MDT;Franken;ei
6;Hofheim (bei Haßfurt);;;;NN;NN;MDT;Franken;ei
6;Theres am Main (bei Schweinfurt);;;;NN;NN;MDT;Franken;ei
3;Oddenthal (bei Dreieich);;;;NN;NN;MDT;Hessen;ei
1;Frankenstein (bei Darmstadt Zwingenberg);X;;;NN;NN;MDT;MDT;ei
1;Gerau;;;;NN;NN;MDT;MDT;ei
1;Trebur;X;;;NN;NN;MDT;MDT;ei
1;Walmenach (bei Goarshansen);X;;;NN;NN;MDT;MDT;ei
5;Schluechtern;Schlüchtern;;;1405;1405;MDT;MDT;
4;Oberhilbersheim bei Bingen;;;;NN;NN;MDT;MDT;
3;Everloh;X;52,335;9,604444444;1605;1605;NDT;Niedersachsen;
4;Hemmendorf;X;52,084444;9,600833;NN;NN;NDT;Niedersachsen;
3;Lauenstein;X;52,08;9,55;1578;1578;NDT;Niedersachsen;
4;Lauenstein bei Worms;X;52,08;9,55;1637;1637;NDT;Niedersachsen;
3;Münder;X;52,2;9,47;NN;NN;NDT;Niedersachsen;
3;Beber (zwischen Hülsede und Hamelspringe);X;52,22;9,38;1659;1659;NDT;Niedersachsen;
3;Schaumburg;X;52,29;9,21;1720;1720;NDT;Niedersachsen;
3;Engern;X;52,19;9,08;1558;1558;NDT;Westfalen;
3;Goddelsheim;X;51,18;9,02;1685;1685;NDT;Westfalen;
4;Steinheim;X;50,106389;8,913611;1550;16. Jh.;NDT;NDT;
3;Delbrück;X;51,76666667;8,566666667;1750;18. Jh.;NDT;Westfalen;
3;Eikel;X;52,31;8,23;1500;um 1500;NDT;Westfalen;
3;Dissen bei Osnabrück;X;52,12;8,2;1582;1582;NDT;Westfalen;
3;Nortrupp bei Osnabrück;X;52,28;8,04;1677;1677;NDT;Westfalen;
3;Bakenfeld bei Münster;X;51,96;7,63;NN;NN;NDT;Westfalen;
3;Werne an der Lippe;X;51,67;7,62;1569;1569;NDT;Westfalen;
3;Hohenlimburg;X;51,35;7,57;1500;um 1500;NDT;Westfalen;
3;Hagen;X;51,36;7,48;1513;1513;NDT;Westfalen;
3;Schöpplenberg;X;51,3;7,45;1399;1399_1403;NDT;Westfalen;
3;Wenigern bei Volmerstein;X;51,37;7,38;NN;NN;NDT;Westfalen;
3;Sandwell bei Horstmar;X;52,08;7,31;1566;1566;NDT;Westfalen;
3;Dernekamp bei Dülmen;X;51,83;7,28;1603;1603;NDT;Westfalen;
3;Lohmar;X;50,82;7,22;1570;1570;NDT;Westfalen;
3;Bochum;X;51,48012;7,21662;1341;1341;NDT;Westfalen;
3;Barmen;X;51,28;7,2;1650;17.Jh.;NDT;Westfalen;
3;Hattenegge Hattingen;X;51,4;7,18;1550;16. Jh.;NDT;Westfalen;
3;Hattingen;X;51,4;7,18;1550;16. Jh.;NDT;Westfalen;
3;Hattenegge Hattingen;X;51,4;7,18;NN;NN;NDT;Westfalen;
3;Barkhofen bei Werden;X;51,39;7;1320;1320;NDT;Westfalen;
3;Irnich Schwerfen;X;50,64;6,65;1491;1491;NDT;Westfalen;i
3;Lottum;X;51,44;6,11;1428;1428;NDT;Westfalen;
3;Born (Limburg);X;51,03;5,81;1486;1486;NDT;Westfalen;
4;Winsen (Mündung Örtze in die Aller);;;;1634;1634;NDT;Niedersachsen;i
3;Münster (Westfalen);;;;NN;NN;NDT;Westfalen;i
3;Hilden (bei Düsseldorf);;;;1386;1386;NDT;Westfalen;ei
3;Sickte;;;;1571;1571;NDT;Niedersachsen;ei
3;Dissen;;;;1582;1582;NDT;Westfalen;ei
3;Rietberg;;;;1697;1697;NDT;Westfalen;ei
3;Bramsel Brasel;Barmen bei Schwelm;;;1650;17.Jh.;NDT;Westfalen;ei
3;Nussdorf;X;48,26;16,36;1450;1450;OOD;AT;
3;Patzmannsdorf;X;48,63;16,27;1460;1460;OOD;AT;
3;Grimmenstein;X;47,61527778;16,12666667;NN;NN;OOD;AT;
3;Raxendorf;X;48,34;15,27;1460;1460;OOD;AT;
3;Wimberg;X;48,28;15,06;1567;1567;OOD;AT;
3;Mayerhofen und Bergern/Berging;X;48,14;14,65;1450;15. Jh;OOD;AT;
3;Malching;X;48,31;13,19;1350;14. Jh.;OOD;Baiern;
6;Liebenau;X;47,936667;12,9325;NN;NN;OOD;Baiern;
6;Raschenberg bei Traunstein;X;47,846908;12,784273;1671;1671;OOD;Baiern;
6;Winhering bei Neuötting;;48,266667;12,65;1402;zwischen 1402 und 1450;OOD;Baiern;ei
6;Winhering bei Neuötting;;48,266667;12,65;1594;1594;OOD;Baiern;
3;Wildenschönau;X;48,55;12,57;1440;1440;OOD;Baiern;
3;Trostberg;X;48,03;12,56;1326;1326;OOD;Baiern;
6;Kloster Baumburg Altenmarkt an der Alz;;47,998056;12,530833;1439;1439;OOD;Baiern;ei
3;Chiemsee;X;47,86194444;12,40111111;1393;1393;OOD;Baiern;
6;Moshaim bei Haidau Regensburg;X;48,925502;12,270934;1301;14. Jh. Anfang;OOD;Baiern;
6;Essenbach bei Landshut;;48,616667;12,216667;NN;NN;OOD;Baiern;ei
3;Hofmark bei Landshut;X;48,49;12,19;1554;1554;OOD;Baiern;
3;Angecht bei Kufstein;X;47,58;12,17;NN;NN;OOD;AT;
3;Wising;X;47,51;12,06;NN;NN;OOD;AT;
3;Stumm;X;47,29;11,89;1450;15. Jh.;OOD;AT;
6;Geisenfeld bei Ingolstadt;;48,683889;11,611389;NN;NN;OOD;Baiern;
6;St. Clarenkloster zu München;X;48,133667;11,571789;1550;16. Jh.;OOD;Baiern;
3;Werdenfels;X;47,52;11,1;1431;1431;OOD;Baiern;
3;Umhausen;X;47,14;10,93;NN;NN;OOD;AT;
6;Thierhaupten;X;48,56666667;10,91666667;1475;1475;OOD;Baiern;
3;Peitigau;X;47,8;9,79;1435;1435;OOD;Baiern;
6;Geimersheim;;49,886202;8,399345;NN;NN;OOD;Baiern;ei
3;Langenerringen;;;;1378;1378;WOD;Schwaben;i
3;Schlanders am Etsch;;;;1400;1400;OOD;Tirol;ei
3;Tollnstein;Dollnstein;;;1412;1412;OOD;Baiern;ei
3;Peitigau;;;;1435;1435;OOD;Baiern;ei
3;Wildenschönau;;;;1440;1440;OOD;Baiern;ei
3;Nussdorf;;;;1450;1450;OOD;Österreich;ei
3;Patzmannsdorf;;;;1460;1460;OOD;Österreich;ei
3;Chiemsee;;;;1462;1462;OOD;Baiern;ei
3;Wimberg;;;;1566;vor 1567;OOD;Baiern;ei
3;Enzersdorf;;;;1575;1575;OOD;Österreich;ei
3;Ötting;;;;1577;1577;OOD;Baiern;ei
3;Buch (bei Landshut);;;;NN;NN;OOD;Baiern;ei
3;Raitenbuch (bei Weisenburg);;;;NN;NN;OOD;Baiern;ei
3;Schönfeld;Schernfeld;;;NN;NN;OOD;Baiern;ei
6;Altheim (Niederbaiern);;;;NN;NN;OOD;Baiern;ei
3;Wartenstein;;;;NN;NN;OOD;Österreich;ei
3;Angecht, Angel am Inn;;;;NN;NN;OOD;Tirol;ei
3;Stumm;;;;NN;NN;OOD;Tirol;ei
3;Umhausen Ötzthal;;;;NN;NN;OOD;Tirol;ei
3;Wising (bei Angath);;;;NN;NN;OOD;Tirol;ei
6;Itter;X;51,206;8,945;1765;1765;WMD;WMD;
6;Dreieich;X;50,01888889;8,696111111;1338;1338;WMD;WMD;
6;Frankfurt;;50,110556;8,682222;NN;NN;WMD;WMD;ei
1;Lussheim am Rhein bei Speyer;X;49,299722;8,5;1516;1516;WMD;WMD;i
4;Königstein;;50,183125;8,463541667;NN;NN;WMD;WMD;i
1;Sandhofen am Rhein bei Mannheim;X;49,544695;8,443245;1527;1527;WMD;WMD;ei
1;Mainz;X;50;8,271111111;NN;NN;WMD;WMD;
5;Haßloch;X;49,36305556;8,255833333;1492;1492;WMD;WMD;
1;Bleidenstatt;X;50,138889;8,1375;1509;1509;WMD;WMD;
1;Landau;X;49,199444;8,123056;1295;1295;WMD;WMD;
1;Bärstadt zwischen Langenschwalbach und Schlangenbad;X;50,1025;8,073333;1489;1489;WMD;WMD;
1;Limburg an der Lahn;X;50,38333333;8,066666667;1720;1720;WMD;WMD;ei
1;Limburg an der Lahn;X;50,38333333;8,066666667;1374;1374;WMD;WMD;
1;Fossenhelde = Fuchshöhe bei Diez;X;50,370833;8,015833;1444;1444;WMD;WMD;
5;Groß Bockenheim;;50;8;1300;1300;WMD;WMD;ei
5;Hochstetten;;50;8;1543;1543;WMD;WMD;ei
5;Gleiszweiler;;49;8;1568;1568;WMD;WMD;ei
2;Sprendlingen;X;49,86166667;7,9875;NN;NN;WMD;WMD;
4;Genzingen;;49,898056;7,928056;1491;1491;WMD;WMD;i
4;Genzingen;;49,898056;7,928056;NN;NN;WMD;WMD;ei
1;Reingau;X;49,979021;7,923435;1324;1324;WMD;WMD;
2;Rüdesheim;X;49,979021;7,923435;NN;NN;WMD;WMD;
1;Alsenzbruck bei Winnweiler Donnersberg;X;49,565;7,881944;1507;1507;WMD;WMD;
2;Creuznach (Bad Kreuznach);X;49,846944;7,866944;NN;NN;WMD;WMD;
2;Gutenberg (Hundsrück, Nahe);X;49,879722;7,798611;1498;1498;WMD;WMD;ei
4;Guttenberg bei Kreuznach;X;49,879722;7,798611;NN;NN;WMD;WMD;
2;Bacharach (Hundsrück);X;50,061111;7,769444;1349;vor 1350;WMD;WMD;i
2;Bacharach (Hundsrück);X;50,061111;7,769444;NN;NN;WMD;WMD;i
2;Bacharach (Hundsrück);X;50,061111;7,769444;1407;1407;WMD;WMD;
4;Weinsheim bei Kreuznach;X;49,8375;7,766944;NN;NN;WMD;WMD;
5;Schiersfeld;;49,69429167;7,763863889;1359;1359;WMD;WMD;ei
1;Herspach bei Dierdorf;X;50,575;7,739167;1557;1557;WMD;WMD;
6;Sponheim oder Spanheim, Kloster;;49,845833;7,726389;1488;1488;WMD;WMD;i
2;Dörrebach (Hundsrück) bei Stromberg;X;49,945278;7,720556;1508;1508;WMD;WMD;
6;Martrachdorf;X;50,552222;7,714444;1548;1548;WMD;WMD;
3;Welmich;X;50,17;7,69;1509;1509;WMD;WMD;
2;Bockenau Widder (Hundsrück, Nahe);X;49,836667;7,679444;NN;NN;WMD;WMD;
1;Fischbach, Waldfischbach bei Türkheim;X;49,284586;7,652663;1536;1536;WMD;WMD;ei
4;Meddersheim Hundsrück;;49,776944;7,618333;1514;1514;WMD;WMD;ei
6;Rhense Hundsrück;;50,280489;7,618111;NN;NN;WMD;WMD;ei
6;Kesselheim Eifel bzw Rhein;;50,396389;7,585556;1551;1551;WMD;WMD;ei
2;Leiningen (Saar);X;50,133333;7,570278;NN;NN;WMD;WMD;
2;Pleizenhausen bei Simmern;X;50,015556;7,569722;1582;1582;WMD;WMD;
2;Moselweis bei Koblenz;X;50,350833;7,558611;1580;1580;WMD;WMD;
3;Bubenheim;X;50,38;7,55;1556;1556;WMD;WMD;
2;Waldesch;X;50,2825;7,545;1722;1722;WMD;WMD;
1;Heimbach, Weiss, Gladbach bei Koblenz;X;50,450455;7,538711;1630;1630;WMD;WMD;
6;Kerlich Eifel;;50,386944;7,495278;1551;1551;WMD;WMD;ei
2;Kellenbach bei Kirn;X;49,8475;7,495;1560;1560;WMD;WMD;ei
3;Obergundershausen;X;50,15;7,49;1771;1771;WMD;WMD;
2;Ravengirsburg bei Simmern Hundsrück;X;49,936944;7,478056;1442;1442;WMD;WMD;i
2;Ravengirsburg bei Simmern Hundsrück;X;49,936944;7,478056;1509;1509 Abschrift 1600;WMD;WMD;ei
6;Ravengirsburg bei Simmern Hundsrück;;49,936944;7,478056;NN;NN;WMD;WMD;ei
2;Cobern (Mosel);X;50,309167;7,455556;1585;1585;WMD;WMD;
2;Beulich (Mosel);X;50,174761;7,452997;NN;NN;WMD;WMD;
2;Biebern bei Simmern;X;49,992889;7,442681;1506;1506;WMD;WMD;
2;Mannenbach bei Beltheim;X;50,111026;7,432213;1601;1601;WMD;WMD;
2;Chorweiler bei Castellaun;X;50,108333;7,416389;1602;1602;WMD;WMD;
2;Andernach;X;50,43972222;7,401666667;1498;1498;WMD;WMD;
2;Dommershausen bei Treis an der Mosel;X;50,143611;7,397778;1580;1580;WMD;WMD;
6;Münstermaifeld Eifel;;50,2475;7,363056;NN;NN;WMD;WMD;ei
2;Münstermainfeld;X;50,2475;7,363056;1372;1372;WMD;WMD;
2;Betzing bei Münstermaifeld, Polch;X;50,2475;7,363056;NN;NN;WMD;WMD;
6;Kretz bei Andernach;;50,395833;7,361667;NN;NN;WMD;WMD;ei
6;Pellenz;X;50,38333333;7,35;1461;1461;WMD;WMD;
6;Pellenz;X;50,38333333;7,35;1350;14. Jh.;WMD;WMD;
2;Kruft bei Maria Laach;X;50,386389;7,3375;1482;1482;WMD;WMD;
2;Carden (bei Treis);X;50,178056;7,302222;1462;1462;WMD;WMD;
2;Peterswald(e) (Mosel);X;50,0075;7,289167;1556;1556;WMD;WMD;
1;Linz am Rhein Nonnenkloster;X;50,568611;7,283056;1501;16. Jh. Anfang;WMD;WMD;
2;Pommern (Mosel);X;50,171111;7,273889;1606;1606;WMD;WMD;ei
3;Niederernst;X;50,14;7,23;1584;1584;WMD;Moselfränkisch;ei
6;Mayen;;50,329615;7,221258;1556;1556;WMD;WMD;ei
2;Meien;Mayen;50,329615;7,221258;NN;NN;WMD;WMD;ei
6;Mayen;;50,329615;7,221258;NN;NN;WMD;WMD;ei
6;Mayen;;50,329615;7,221258;1605;1605;WMD;WMD;
2;Clotten;;50,16666667;7,199722222;1435;1435;WMD;WMD;i
2;Clotten;;50,16666667;7,199722222;1446;1446;WMD;WMD;i
2;Clotten;;50,16666667;7,199722222;1511;1511;WMD;WMD;i
6;Clotten Untermosel;;50,16666667;7,199722222;1602;1602;WMD;WMD;i
6;Clotten Untermosel;;50,16666667;7,199722222;NN;NN;WMD;WMD;i
6;Mesenich an der Mosel;;50,0975;7,197778;1507;1507;WMD;WMD;i_ei
2;Kleinich bei Berncastel;X;49,892811;7,186069;NN;NN;WMD;WMD;
2;Kloster Neumünster (Saar);X;49,404167;7,163611;NN;NN;WMD;WMD;i
6;Kurrenberg Eifel;X;50,337935;7,157963;1454;1454;WMD;WMD;
6;Kurrenberg Eifel;X;50,337935;7,157963;1518;1518;WMD;WMD;
2;Briedel (Mosel);X;50,024042;7,149089;NN;NN;WMD;WMD;
3;Dünchenheim;X;50,23;7,14;1521;1521;WMD;Moselfränkisch;ei
2;Lymersdorf = Leimersdorf bei Remagen;X;50,585245;7,133571;1559;1559;WMD;WMD;
2;Püderich (Mosel);X;50,041389;7,132222;NN;NN;WMD;WMD;
2;Luxem bei Düren, Zülpich;X;50,319444;7,106667;1544;1544;WMD;WMD;ei
2;Wolf bei Cröve (Mosel);;49,978563;7,103908;1490;15. Jh. Ende;WMD;WMD;i
2;Wolf bei Cröve (Mosel);;49,978563;7,103908;1435;1435;WMD;WMD;
6;Eschringen bei Saarbrücken;X;49,190827;7,101248;1498;1498;WMD;WMD;
6;Langenfeld bei Mayen;X;50,376389;7,093889;1666;1666;WMD;WMD;
2;Fritzdorf bei Remagen;X;50,595998;7,090173;1515;1515;WMD;WMD;
2;Cröve (Mosel bei Bünderich);X;49,977617;7,084564;NN;NN;WMD;WMD;ei
6;Mürstert bei Berncastel;X;49,916111;7,069444;1672;1672;WMD;WMD;
3;Tholey;X;49,48;7,04;1450;1450;WMD;Moselfränkisch;ei
2;Kenfuss (Mosel);X;50,088361;7,020733;1500;1500;WMD;WMD;
2;Retterand (bei Mayen);X;50,272011;7,015444;NN;NN;WMD;WMD;
2;Ursfeld (Eifel);;50,255556;7,013889;1559;1559;WMD;WMD;ei
1;Züsch bei Hermanskell und Achtelsbach;X;49,648522;7,006139;1592;1592;WMD;WMD;
2;Ürzig (Mosel);;49,982222;7,005278;1565;1565;WMD;WMD;i
2;Ürzig (Mosel);;49,982222;7,005278;1565;1565;WMD;WMD;ei
2;Ürzig (Mosel);;49,982222;7,005278;1568;1568;WMD;WMD;ei
2;Ürzig (Mosel);;49,982222;7,005278;1686;1686;WMD;WMD;ei
2;Dreys (Mosel);X;50,341111;6,996111;1588;1588;WMD;WMD;
3;Creuzberg an der Ahr;X;50,51;6,98;1518;1518;WMD;WMD;
2;Köln;X;50,93805556;6,956944444;1375;1375;WMD;WMD;
2;Monzel bei Osan (Mosel);X;49,921667;6,955278;1594;1594;WMD;WMD;
2;Nürburg (Eifel);X;50,342222;6,952222;1515;1515;WMD;WMD;
3;Strohn (Eifel);X;50,11;6,92;1510;1510;WMD;Moselfränkisch;
2;Emmel (Mosel bei Piesport);X;49,883056;6,916667;1532;1532;WMD;WMD;
2;Piesport (Mosel);X;49,883056;6,916667;1575;1575;WMD;WMD;
2;Hasborn;X;50,0525;6,91;1545;1545;WMD;WMD;
2;Neumagen (Mosel);X;49,85951;6,89762;1315;1315;WMD;WMD;
2;Esch (bei Piesport und Hetzerath);X;49,898056;6,850278;1561;1561;WMD;WMD;
6;Mütscheid bei Münster-Eifel;;50,480211;6,843119;1622;1622;WMD;WMD;ei
2;Michelbach (Hochwald);X;49,465047;6,838387;1514;1514;WMD;WMD;ei
2;Weilerswist bei Lechenich;X;50,7525;6,837778;NN;NN;WMD;WMD;ei
4;Hochwald;X;49,675389;6,834889;1546;1546;WMD;WMD;
2;Daun;X;50,19861111;6,831944444;1466;1466;WMD;WMD;
6;Hoevels bei Daun und Hillesheim;;50,198611;6,831944;1559;1559;WMD;WMD;ei
2;Cochenheim;X;50,650556;6,828056;1596;1596;WMD;WMD;
2;Dreis bei Wittlich;X;49,941008;6,817278;1453;1453;WMD;WMD;
2;Hetzerad (Mosel);X;49,878333;6,814167;1561;1561;WMD;WMD;
6;Frechen (bei Köln);;50,913333;6,813889;NN;NN;WMD;WMD;i_ei
2;Stotzheim bei Hardt;X;50,628611;6,812222;1622;1622;WMD;WMD;
6;Nohn Eifel;;50,330278;6,786667;1586;1586;WMD;WMD;ei
2;Bruch bei Kill und Salm;X;49,956944;6,784722;1506;1506;WMD;WMD;
2;Duckweiler (bei Gillenbeuren Mosel);X;50,251944;6,7825;1550;16. Jh.;WMD;WMD;
2;Schweich bei Kenn;X;49,819561;6,752217;1563;vor 1563;WMD;WMD;
6;Gutweiler bei Trier;;49,72;6,726667;1558;1558;WMD;WMD;ei
2;Berlingen (Saar);X;50,238495;6,717868;1488;1488;WMD;WMD;
2;Irsch bei Trier;X;49,724397;6,699228;1497;1497;WMD;WMD;
3;Dorweiler;X;50,79;6,68;NN;NN;WMD;Moselfränkisch;
2;Engelgauw bei Blankenheim und Münstereifel;X;50,493889;6,678056;1582;1582;WMD;WMD;
6;Hillesheim;;50,293056;6,675;NN;NN;WMD;WMD;ei
2;Pellingen;X;49,67472222;6,671111111;1545;1545;WMD;WMD;
2;Wiesbaum bei Hillesheim;X;50,340683;6,669875;1575;1575;WMD;WMD;
2;Lössenich bei Zülpich;X;50,672222;6,669167;1529;1529;WMD;WMD;
2;Zinxheim bei Schleiden und Münstereifel;X;50,508611;6,657222;1622;1622;WMD;WMD;
2;Sinzenich = Sinzig bei Zülpich;X;50,66;6,648056;1650;17. Jh.;WMD;WMD;
2;Crittenach und Obermenning;X;49,680651;6,64053;NN;NN;WMD;WMD;
2;St. Mattheis bei Trier;X;49,738056;6,631944;1604;1604;WMD;WMD;
2;Densborn bei Prüm und Schönecken;X;50,126389;6,602778;1534;1534;WMD;WMD;i
6;Buervenich bei Nideggen und Euskirchen;X;50,655;6,596111;NN;NN;WMD;WMD;
6;Kelz bei Düren;X;50,768611;6,595;NN;NN;WMD;WMD;
6;Irsch Serrig Beurig bei Saarburg;;49,605;6,594444;1550;16. Jh.;WMD;WMD;ei
2;Dalheim bei Dudeldorf Prüm;X;49,914639;6,592925;1472;1472;WMD;WMD;
2;Awel = Auel bei Hillesheim und Steffeln;X;50,28285;6,58762;NN;NN;WMD;WMD;
2;Filzen (Hochwald);X;49,6736;6,5632;1598;1598;WMD;WMD;ei
2;Coenen;Könen;49,679628;6,554058;1508;1508;WMD;WMD;ei
2;Walmersheim bei Fleringen und Berisborn;X;50,203889;6,529444;NN;NN;WMD;WMD;
3;Seffern;X;50,06;6,5;1549;1549;WMD;WMD;
3;Edingen bei Echternach;X;49,82;6,49;1588;1588;WMD;Moselfränkisch;
2;Olef bei Scheiden, Dreisborn;X;50,543611;6,487222;1546;1546;WMD;WMD;
2;Faha (Saar);X;49,525933;6,486139;1529;1529;WMD;WMD;
2;Tavern bei Grevenmachern;X;49,679433;6,449722;1680;1680;WMD;WMD;
2;Güsten bei Jülich;X;50,959167;6,430278;1431;1431;WMD;WMD;
4;Weldorf bei Jülich;X;50,95;6,416667;1704;1704;WMD;WMD;
2;Gondenbret (bei Prüm);X;50,235556;6,414722;NN;NN;WMD;WMD;
2;Helfant (Obermosel);X;49,58891;6,41285;NN;NN;WMD;WMD;ei
2;Selrich bei Prüm;X;50,229722;6,365833;NN;NN;WMD;WMD;ei
2;Bollendorf bei Echternach;X;49,853056;6,361667;1653;1653;WMD;WMD;
6;Gressenich;X;50,77277778;6,300277778;1602;1602;WMD;WMD;
6;Ulflingen bei Clervau/Clerf;;50,121536;6,000414;1575;1575;WMD;WMD;ei
4;Kloster Münstertreis zu Dreis;Münsterdreisen;;;1357;1357;WMD;WMD;i_ei
3;Hetzerodt;Hettenrodt;;;NN;NN;WMD;WMD;i_ei
6;Flamersheim;;;;NN;NN;WMD;WMD;i_ei
2;Drohn Wintrich Berncastel Graach;;;;1315;1315;WMD;WMD;i
2;Drohn Wintruch Berncastel Graach;Wintrich;;;1315;1315;WMD;WMD;i
2;Niedermendig;Mendig;;;1382;1382;WMD;WMD;i
5;Ramsen (bei Grünstadt);;;;1390;1390;WMD;WMD;i
2;Veihe;Weyer (Mechernich);;;1395;1395;WMD;WMD;i
2;Arweiler;;;;1400;1400;WMD;WMD;i
5;Kalstadt Ungstein Pfeffingen;;;;1417;1417;WMD;WMD;i
3;Irnich;Schwerfen;;;1419;1419;WMD;WMD;I
5;Ramberg;;;;1426;1426;WMD;WMD;i
4;Menzweiler;;;;1429;1429;WMD;WMD;i
5;Limburg;;;;1448;1448;WMD;WMD;i
2;Breitfurt;;;;1453;1453;WMD;WMD;i
2;Herbizheim;;;;1458;1458;WMD;WMD;i
2;Protiche;Bruttig-Fankel;;;1468;1468;WMD;WMD;i
2;Remich;;;;1477;1477;WMD;WMD;i
6;Bockenau;;;;1487;1487;WMD;WMD;i
6;St. Gangolf (Saarland);;;;1489;1489;WMD;WMD;i
4;Grenzingen (zwischen Queich, Lauter, Nahe, Rhein);;;;1491;1491;WMD;WMD;i
2;Metloch (Saar);;;;1493;1493;WMD;WMD;i
2;Satzvei;Satzvey;;;1506;1506;WMD;WMD;i
6;Villen Vylen (westl. von Aachen);;;;1506;1506;WMD;WMD;i
5;Nuszdorf (bei Landau);;;;1508;1508;WMD;WMD;i
2;Edisheim;;;;1518;1518;WMD;WMD;i
6;Chuer (Niederfeld, bei Kobern Mosel);;;;1518;1518;WMD;WMD;i
2;Montcler;Burg MontclairÂ ;;;1521;1521;WMD;WMD;i
3;Dünchenheim;Düngenheim;;;1521;1521;WMD;WMD;i
6;Sabershausen (bei Castellaun);;;;1537;1537;WMD;WMD;i
6;Speicher (Eifel);;;;1539;1539;WMD;WMD;i
6;Neunkirchen Wallen (bei Merzig);;;;1551;1551;WMD;WMD;i
2;Ittel;;;;1561;1561;WMD;WMD;i
2;Trier;;;;1565;1565;WMD;WMD;i
5;Steinbach am Donnersberg;;;;1566;1566;WMD;WMD;i
6;Kenne (Mosel);;;;1350;14. Jh.;WMD;WMD;i
2;Wolf;Wolf (Traben-Trarbach) ;;;1450;15. Jh.;WMD;WMD;i
4;Neubamberg bei Alzey;;;;1450;15. Jh.;WMD;WMD;i
6;Hoenningen;;;;1450;15. Jh.;WMD;WMD;i
1;Haltingen (Mosel);;;;1450;15. Jh. ;WMD;WMD;i
3;Wincheringen (Mosel);;;;1550;16. Jh.;WMD;WMD;i
6;Ellenz;;;;NN;Abschrift 15. Jh.;WMD;WMD;i
6;Thron;;;;NN;Abschrift 16. Jh.;WMD;WMD;i
2;Bacharach;;;;NN;NN;WMD;WMD;i
2;Köllerthal;;;;NN;NN;WMD;WMD;i
2;Neumünster (Saar);Ottweiler;;;NN;NN;WMD;WMD;i
2;Wadegassen ;Wadgassen;;;NN;NN;WMD;WMD;i
3;Millingen (Mosel);;;;NN;NN;WMD;WMD;i
4;Niederolm;;;;NN;NN;WMD;WMD;i
5;Altheim Beckwiler;;;;NN;NN;WMD;WMD;i
5;Hanofen Heimofen (bei Speyer);;;;NN;NN;WMD;WMD;i
5;Kusel (bei Baumholder);;;;NN;NN;WMD;WMD;i
5;Rodenbach (am Eisbach);;;;NN;NN;WMD;WMD;i
2;Neumagen (Mosel);;;;1315;1315;WMD;WMD;ei
3;Prüm;;;;1339;vor 1640;WMD;WMD;ei
5;Queichhambach (bei Anweiler und Landau);;;;1382;1382;WMD;WMD;ei
2;Eschweiler;;;;1401;1401;WMD;WMD;ei
2;Eschweiler (Weisthum des Glöckners);;;;1401;1401;WMD;WMD;ei
2;Dreiborn;Dreiborn (Schleiden) ;;;1419;1419;WMD;WMD;ei
6;Fankel;;;;1446;1446;WMD;WMD;ei
5;Weidenthal (bei Kaiserslautern und Neustadt);;;;1448;1448;WMD;WMD;ei
5;Gollheim (bei Grünstadt);;;;1450;1450;WMD;WMD;ei
6;Obermendig (bei Mendig);;;;1452;1452;WMD;WMD;ei
2;Liesdorf (Saar);;;;1458;1458;WMD;WMD;ei
2;Fankel;;;;1459;1459;WMD;WMD;ei
2;Carden (Mosel);;;;1462;1462;WMD;WMD;ei
2;Faha;;;;1462;1462;WMD;WMD;ei
4;Flacht;;;;1462;1462;WMD;WMD;ei
2;Catharein Ostern;? Gegend Tholey;;;1463;1463;WMD;WMD;ei
2;Perl;Perl (Mosel) ;;;1468;1468;WMD;WMD;ei
5;Bertzweiler (bei Lauterecken und Wolfstein);;;;1469;1469;WMD;WMD;ei
2;Pronzfeld (Prüm);;;;1476;1476;WMD;WMD;ei
5;Webenheim Minbach (bei Blieskastel);;;;1476;1476;WMD;WMD;ei
2;Senheim (Mosel);;;;1482;1482;WMD;WMD;ei
2;Senheim (Mosel);;;;1482;1482;WMD;WMD;ei
4;Laubersheim;;;;1482;1482;WMD;WMD;ei
5;Mittelbrexbach;;;;1482;1482;WMD;WMD;ei
2;Metloch (Saar);;;;1485;1485;WMD;WMD;ei
2;Taben (Saar);;;;1486;1486;WMD;WMD;ei
2;Auen;Auen (Hunsrück) ;;;1488;1488;WMD;WMD;ei
2;Niederweis;;;;1497;1497;WMD;WMD;ei
2;Walmünster (Saar);;;;1497;1497;WMD;WMD;ei
2;Kenfuss;;;;1500;1500;WMD;WMD;ei
2;Scheidweiler (Mosel);;;;1506;1506;WMD;WMD;ei
2;Steinecken;Schönecken;;;1506;1506;WMD;WMD;ei
2;Zurmühlen (Mosel);;;;1506;1506;WMD;WMD;ei
2;Alflen;;;;1507;1507;WMD;WMD;ei
2;Wulferscheid (Mosel);;;;1507;1507;WMD;WMD;ei
2;Schleich (Mosel);;;;1508;1508;WMD;WMD;ei
4;Nackenheim;;;;1510;1510;WMD;WMD;ei
2;Michelnbach;Tholey ggf. Macherbach;;;1514;1514;WMD;WMD;ei
2;Fritzdorf (beo Bonn);;;;1515;1515;WMD;WMD;ei
5;Lingenfeld;;;;1515;1515;WMD;WMD;ei
2;Schweich (Prüm);;;;1517;1517;WMD;WMD;ei
2;Möringer Wald;Blankenheim-Wald;;;1518;1518;WMD;WMD;ei
2;Spang (Eifel);;;;1518;1518;WMD;WMD;ei
4;Treyssen;;;;1526;1526;WMD;WMD;ei
6;Wendelsheim (bei Alzey);;;;1526;1526;WMD;WMD;ei
2;Faha;;;;1529;1529;WMD;WMD;ei
2;Lössenich (bei Münstereifel);;;;1529;1529;WMD;WMD;ei
2;Merzig (Saar);;;;1529;1529;WMD;WMD;ei
2;Rech;bei Metloch;;;1529;1529;WMD;WMD;ei
6;Merzig an der Saar;;;;1529;1529;WMD;WMD;ei
2;Emmel (Mosel);;;;1532;1532;WMD;WMD;ei
2;Nalbach;;;;1532;1532;WMD;WMD;ei
2;Ranspach (Saar);;;;1532;1532;WMD;WMD;ei
2;Trittenheim;;;;1532;1532;WMD;WMD;ei
2;Zedingen;;;;1534;1534;WMD;WMD;ei
2;Metternich (bei Koblenz);;;;1536;1536;WMD;WMD;ei
2;Igel;;;;1537;1537;WMD;WMD;ei
2;Riol und Velle (Mosel);;;;1537;1537;WMD;WMD;ei
6;Mandern;;;;1537;1537;WMD;WMD;ei
2;Mengerschied (Hundsrück);;;;1539;1539;WMD;WMD;ei
2;Besch;;;;1541;1541;WMD;WMD;ei
2;Martinsdorf;;;;1542;1542;WMD;WMD;ei
2;Oberdomphan;;;;1542;1542;WMD;WMD;ei
2;Pluwig;;;;1542;1542;WMD;WMD;ei
2;Pellingen;;;;1545;1545;WMD;WMD;ei
6;Leiwen (Mosel);;;;1546;1546;WMD;WMD;ei
2;Buschhoven;;;;1547;1547;WMD;WMD;ei
2;Carden (Mosel);;;;1547;1547;WMD;WMD;ei
6;Bernsberg (bei Aachen);;;;1547;1547;WMD;WMD;ei
2;Aach;;;;1550;1550;WMD;WMD;ei
2;Königreich (Saar bei Horchweiler);ggf. Merchweiler;;;1550;1550;WMD;WMD;ei
3;Orenofen (an der Kill);;;;1550;1550;WMD;WMD;ei
6;Glitzem (bei Trier);;;;1550;1550;WMD;WMD;ei
2;Buch;Buch (Hunsrück);;;1551;1551;WMD;WMD;ei
2;Endenich (Bonn);;;;1552;1552;WMD;WMD;ei
6;Gillenbeuren (bei Cochem);;;;1554;1554;WMD;WMD;ei
2;Leye (Mosel/Eifel);;;;1555;1555;WMD;WMD;ei
4;Muggenhausen (Schwarzmaar);;;;1555;1555;WMD;WMD;ei
2;Saarbrücken;;;;1557;1557;WMD;WMD;ei
2;Burtscheid (bei Aachen);;;;1560;1560;WMD;WMD;ei
2;Orschholz (Saar);;;;1560;1560;WMD;WMD;ei
2;Orschholz (Saar);;;;1560;1560;WMD;WMD;ei
2;Esch;;;;1561;1561;WMD;WMD;ei
2;Hetzerad (Esch);;;;1561;1561;WMD;WMD;ei
2;Salmenror (Esch);;;;1561;1561;WMD;WMD;ei
2;Wavern Hamm (Saar);;;;1561;1561;WMD;WMD;ei
2;Luxingen (Eifel);;;;1563;1563;WMD;WMD;ei
2;Niedermendig;Mendig;;;1563;1563;WMD;WMD;ei
2;Eidenborn Falscheid (Saar);;;;1564;1564;WMD;WMD;ei
4;Schwarzenrheindorf (gegenüber Bonn);;;;1564;1564;WMD;WMD;ei
2;Wirf (Eifel);;;;1565;1565;WMD;WMD;ei
2;Wirf (Eifel);;;;1565;1565;WMD;WMD;ei
5;Ebernburg;;;;1567;1567;WMD;WMD;ei
2;Harlingen (Saar);;;;1570;1570;WMD;WMD;ei
5;Spesbach;;;;1570;1570;WMD;WMD;ei
4;Lampertsheim;;;;1571;1571;WMD;WMD;ei
2;Gartzem (bei Münstereifel);;;;1573;1573;WMD;WMD;ei
3;Oberwesseling (bei Bonn);;;;1573;1573;WMD;WMD;ei
2;Urmersbach (Mosel);;;;1573;1573 Abschrift 1630;WMD;WMD;ei
2;Piesport (Mosel);;;;1575;1575;WMD;WMD;ei
5;Hattweiler;;;;1575;1575;WMD;WMD;ei
2;Niederprüm;;;;1576;1576;WMD;WMD;ei
2;Godesberg (bei Bonn);;;;1577;1577;WMD;WMD;ei
4;Weidenhahn;;;;1578;1578;WMD;WMD;ei
3;Alken (Mosel);;;;1578;1578 Abschrift 18. Jh.;WMD;WMD;ei
3;Peterslahr;;;;1579;1579;WMD;WMD;ei
2;Dommershausen;;;;1580;1580;WMD;WMD;ei
2;Moselweis;;;;1580;1580;WMD;WMD;ei
6;Faid;;;;1580;1580;WMD;WMD;ei
3;Niederernst (Mosel);;;;1584;1584;WMD;WMD;ei
5;Wallhaben (bei Landstuhl);;;;1585;1585;WMD;WMD;ei
6;Welschbillich (bei Trier);;;;1585;1585;WMD;WMD;ei
2;Graach;;;;1586;1586;WMD;WMD;ei
2;Krahnenforst (bei Münstereifel);;;;1586;1586;WMD;WMD;ei
3;Tholey;;;;1587;1587;WMD;WMD;ei
2;Dreys;;;;1588;1588;WMD;WMD;ei
3;Edingen (bei Echternach);;;;1588;1588;WMD;WMD;ei
4;Bocholt Niederweiler (Eifel);;;;1589;1589;WMD;WMD;ei
2;Temmels;;;;1594;1594;WMD;WMD;ei
2;Osann (Mosel);;;;1595;1595;WMD;WMD;ei
2;Valwig (zwischen Bruttig und Cochem);;;;1598;1598;WMD;WMD;ei
3;Fellerich;;;;1600;1600;WMD;WMD;ei
2;Mannenbach;Mannebach (Beltheim);;;1601;1601;WMD;WMD;ei
4;Pfaffenschwabenheim Rheinhessen;;;;1601;1601;WMD;WMD;ei
2;Sanct Mattheis bei Trier;;;;1604;1604;WMD;WMD;ei
2;Auwe (auf der Kill);;;;1606;1606;WMD;WMD;ei
6;Geisfeld (bei Hermeskeil);;;;1607;1607;WMD;WMD;ei
2;Osann (Mosel);;;;1608;1608;WMD;WMD;ei
3;Barweiler (Eifel);;;;1609;1609;WMD;WMD;ei
2;Gräferath (Eifel);;;;1615;1615;WMD;WMD;ei
2;Rissenthal (Saar);;;;1620;1620;WMD;WMD;ei
2;Zinxheim;Zingsheim;;;1622;1622;WMD;WMD;ei
2;Petermarkt;Dagstuhl;;;1623;1623;WMD;WMD;ei
2;Niederuflingen (Mosel);;;;1632;1632;WMD;WMD;ei
2;Ellenz (Mosel);;;;1644;1644;WMD;WMD;ei
2;Halsenbach u. Bickenbach;;;;1647;1647;WMD;WMD;ei
2;Neef (Eifel);;;;1653;1653;WMD;WMD;ei
5;Eisenberg (bei Grünstadt und Ramsen);;;;1656;1656;WMD;WMD;ei
2;Immeroth (Eifel);;;;1660;1660;WMD;WMD;ei
6;Brenich (bei Bonn und Brühl);;;;1662;1662;WMD;WMD;ei
6;Muestert auch Mosel-Münster;;;;1672;1672;WMD;WMD;ei
2;Kern (Mosel);;;;1680;1680;WMD;WMD;ei
2;Trier;;;;1680;1680;WMD;WMD;ei
3;Obergundershausen (bei Bickenbach);;;;1771;1771;WMD;WMD;ei
5;Hornbach (bei Zweibrücken);;;;NN;1354 Abschrift 17. Jh.;WMD;WMD;ei
3;Bullay;;;;NN;1363 copie von 1726;WMD;WMD;ei
4;Wörrstadt (bei Alzey);;;;1350;14. Jh.;WMD;WMD;ei
2;Eidger und Eller (Mosel);;;;1550;16. Jh.;WMD;WMD;ei
2;Eidinger Eller (Mosel);;;;1550;16. Jh.;WMD;WMD;ei
2;Trier;;;;1550;16. Jh.;WMD;WMD;ei
3;Dockweiler (bei Daun);;;;1550;16. Jh.;WMD;WMD;ei
2;Sinzenich;Sinzig;;;1650;17.Jh.;WMD;WMD;ei
2;Wildenburg (Eifel);;;;1650;17.Jh.;WMD;WMD;ei
2;Breisich;Bad Breisig;;;1490;Ende 15. Jh;WMD;WMD;ei
1;Dalsheim;Flörsheim-Dalsheim;;;NN;NN;WMD;WMD;ei
2;Arweiler;;;;NN;NN;WMD;WMD;ei
2;Berisborn;Birresborn;;;NN;NN;WMD;WMD;ei
2;Büdesheim;;;;NN;NN;WMD;WMD;ei
2;Büdesheim (Prüm);;;;NN;NN;WMD;WMD;ei
2;Cleinich;Kleinich;;;NN;NN;WMD;WMD;ei
2;Creutznach;Bad Kreuznach;;;NN;NN;WMD;WMD;ei
2;Crittenach und Obermennig;Krettnach;;;NN;NN;WMD;WMD;ei
2;Flamersheim (bei Münstereifel);;;;NN;NN;WMD;WMD;ei
2;Gemünden (an der Simmer);Gemünden (Hunsrück);;;NN;NN;WMD;WMD;ei
2;Genzingen;;;;NN;NN;WMD;WMD;ei
2;Gondenbret (Prüm);Gondenbrett;;;NN;NN;WMD;WMD;ei
2;Gondorf (Mosel);;;;NN;NN;WMD;WMD;ei
2;Hottenbach;;;;NN;NN;WMD;WMD;ei
2;Immerath (Eifel);;;;NN;NN;WMD;WMD;ei
2;Kirst Thirn (Mosel);;;;NN;NN;WMD;WMD;ei
2;Kirst und Thirn (Mosel);;;;NN;NN;WMD;WMD;ei
2;Kobern (Mosel);;;;NN;NN;WMD;WMD;ei
2;Lampaden;;;;NN;NN;WMD;WMD;ei
2;Langenlonsheim;;;;NN;NN;WMD;WMD;ei
2;Leningenaltorf (Saar);;;;NN;NN;WMD;WMD;ei
2;Niederfell (Mosel);;;;NN;NN;WMD;WMD;ei
2;Numagen;Neumagen (Mosel);;;NN;NN;WMD;WMD;ei
2;Palzel und Dilmar;;;;NN;NN;WMD;WMD;ei
2;Pellingen;;;;NN;NN;WMD;WMD;ei
2;Praunweiler;Braunweiler;;;NN;NN;WMD;WMD;ei
2;Pünderich ;;;;NN;NN;WMD;WMD;ei
2;Rhaunen;;;;NN;NN;WMD;WMD;ei
2;Röber (Mosel);;;;NN;NN;WMD;WMD;ei
2;Schöneck (Prüm);;;;NN;NN;WMD;WMD;ei
2;Trittenheim;;;;NN;NN;WMD;WMD;ei
2;Walemersheim;;;;NN;NN;WMD;WMD;ei
2;Walmersheim (Mosel/Eifel);;;;NN;NN;WMD;WMD;ei
2;Weidelbach ;Altweidelbach;;;NN;NN;WMD;WMD;ei
2;Weier (bei Zingsheim);;;;NN;NN;WMD;WMD;ei
3;Erenberg Dommershausen Dorweiler;Dommershausen;;;NN;NN;WMD;WMD;ei
3;Manderfeld (Eifel);;;;NN;NN;WMD;WMD;ei
4;Miel (bei Ollheim);;;;NN;NN;WMD;WMD;ei
4;Ollheim (zwischen Bonn und Euskirchen);;;;NN;NN;WMD;WMD;ei
4;Siffersheim (Rheinhessen);;;;NN;NN;WMD;WMD;ei
5;Bornheim (bei Landau);;;;NN;NN;WMD;WMD;ei
5;Erpoltzheim (bei Dürckheim);;;;NN;NN;WMD;WMD;ei
5;Gensheim Ginsheimb;;;;NN;NN;WMD;WMD;ei
5;Herxheim am Berg;;;;NN;NN;WMD;WMD;ei
5;Klein Nidesheim Utzelsheim Bobenheim (bei Worms und Frankenthal);;;;NN;NN;WMD;WMD;ei
5;Nanstuhl Nanstein heute Landstuhl;Landstuhl;;;NN;NN;WMD;WMD;ei
5;Neunkirchen Balborn (bei Winnweiler);;;;NN;NN;WMD;WMD;ei
5;Obercassel Beuel (Bonn gegenüber);;;;NN;NN;WMD;WMD;ei
5;Schwengenheim (bei Lingenfeld);;;;NN;NN;WMD;WMD;ei
6;Blasweiler (zwischen Altenahr und Laacher See);;;;NN;NN;WMD;WMD;ei
6;Kyllburg (an der Kyll);;;;NN;NN;WMD;WMD;ei
6;Sechtem (bei Bonn und Brühl);;;;NN;NN;WMD;WMD;ei
6;St. Goar;;;;NN;NN;WMD;WMD;ei
6;Zilshausen (bei Caszellaun);;;;NN;NN;WMD;WMD;ei
6;Zuelpich Zülpich;;;;NN;NN;WMD;WMD;ei
6;Fickingen Fuckingen (Saarland);;;;1531;1531;WMD;WMD;
6;Gersthofen;X;48,41666667;10,86666667;1510;vor 1511;WOD;Schwaben;
6;Bobingen bei Augsburg;X;48,266667;10,816667;1316;1316;WOD;Schwaben;i
6;Huisheim bei Allerheim;;48,824444;10,704722;1505;1505;WOD;Schwaben;ei
6;Allerheim;;48,84455;10,61892;1353;1353;WOD;Schwaben;ei
6;Holzkirchen bei Öttingen;;48,955278;10,605278;1450;1450;WOD;Schwaben;ei
6;Grosselfingen bei Nördlingen;;48,837265;10,56111;NN;Abschrift 17. Jh.;WOD;Schwaben;ei
6;Baldingen bei Nördlingen;X;48,858333;10,476667;1686;1686;WOD;Schwaben;
6;Baldingen bei Nördlingen;X;48,858333;10,476667;NN;NN;WOD;Schwaben;
6;Ehringen bei Nördlingen;;48,877778;10,473889;1484;1484;WOD;Schwaben;ei
6;Offingen bei Wallerstein;X;48,923611;10,468056;1381;1381;WOD;Schwaben;ei
6;Ederheim bei Nördlingen;X;48,08889;10,465556;1650;17. Jh.;WOD;Schwaben;
6;Benzenzimmern bei Nördlingen;X;48,890156;10,436846;1450;1450;WOD;Schwaben;
6;Pfaunloch bei Nördlingen;X;48,850696;10,435048;1480;1480;WOD;Schwaben;
6;Goldburghausen bei Nördlingen;;48,850556;10,433889;1575;1575;WOD;Schwaben;ei
6;Goldburghausen bei Nördlingen;;48,850556;10,433889;1675;1675;WOD;Schwaben;
6;Ober-Schneidheim bei Marktoffingen;X;48,941667;10,365556;1568;1568;WOD;Schwaben;
6;Itzlingen bei Schneidheim;;48,905126;10,356232;1625;1625;WOD;Schwaben;ei
6;Greggenhofen im Allgäu bei Sonthofen;;47,570722;10,268194;1387;1387;WOD;Schwaben;ei
6;Weiler zwischen Lindau und Immenstadt;;47,583333;9,933333;1532;1532;WOD;Schwaben;ei
1;Rechtenbach;X;49,98472222;9,511111111;NN;NN;WOD;Baden;
6;Trochtelfingen bei Nördlingen;;48,308056;9,244444;1668;1668;WOD;Schwaben;i_ei
6;Trochtelfingen bei Nördlingen;;48,308056;9,244444;1416;1416;WOD;Schwaben;
6;Trochtelfingen bei Nördlingen;;48,308056;9,244444;1450;15. Jh.;WOD;Schwaben;
6;Trochtelfingen bei Nördlingen;;48,308056;9,244444;1501;16. Jh. Anfang;WOD;Schwaben;
6;Kirchheim am Neckar bei Besigheim;X;49,043889;9,146389;1497;1497;WOD;Schwaben;
6;Nordheim bei Heilbron;;49,108611;9,128611;1495;1495;WOD;Schwaben;i
4;Allensbach bei Reichenau;X;47,72;9,07;1397;1397;WOD;Schwaben;
5;Reichartshausen;;49,35694444;8,944444444;1561;1561;WOD;Baden;ei
6;Bülach Effringen bei Calw;X;48,661111;8,691944;1462;1462;WOD;Schwaben;
1;Dornheim bei Hornberg und Rotweil;X;48,168056;8,624722;1251;1251;WOD;Baden;
6;Rotweil;;48,168056;8,624722;1434;1434;WOD;Schwaben;i_ei
6;Rotweil;;48,168056;8,624722;1574;1574;WOD;Schwaben;ei
6;Altensteig;X;48,58638889;8,604722222;1490;1490;WOD;Schwaben;
6;Eppendorf am Neckar;X;48,249444;8,598333;1550;16. Jh.;WOD;Schwaben;
4;Luszhart bei Bruchsal;X;49,1243;8,5979;1434;1434;WOD;Schwaben;
1;Dornstetten;X;48,47027778;8,499444444;1400;1400;WOD;Baden;
4;Eddersheim;;50,0395;8,4717;1535;1535;WOD;Schwaben;ei
5;Schöllbronn;X;48,895;8,420555556;1485;1485;WOD;Baden;
5;Freudenstadt;X;48,46333333;8,411111111;1429;1429;WOD;Baden;
1;Betmeringen bei Stühlingen;X;47,753929;8,362254;NN;NN;WOD;Baden;
1;Hägbach im Kinzigthal;X;48,290644;8,272019;1487;1487;WOD;Baden;
4;Oppenau;;48,47361111;8,159444444;1450;15. Jh.;WOD;Schwaben;ei
4;Sankt Blasisches Waldamt St. Blasien;;47,761944;8,128333;1383;1383;WOD;Schwaben;i
1;Cappel bei Achern, Oberkirch, Lichtenau;X;48,591111;8,1175;1450;15. Jh.;WOD;Baden;
1;Cappel (bei Achern);X;48,631389;8,073889;1450;15. Jh.;WOD;Schwarzwald;i
1;Sigmonswald(e) bei Waldkirch;X;48,100278;8,055833;NN;NN;WOD;Baden;
1;Stollhofen;X;48,766034;8,049202;NN;NN;WOD;Baden;
1;St. Peter (Hochschwarzwald);X;48,016389;8,0325;1453;1453-1484;WOD;Schwarzwald;i
5;Schwarzwald;X;48;8;1484;1484;WOD;Baden;
1;Attenthal im Dreisamtal;X;47,982778;7,963889;NN;NN;WOD;Baden;
1;Wyler (in der Treisamgegend);X;47,982778;7,963889;NN;NN;WOD;Baden;
1;Blenich = Planich bei Kreuznach;X;49,862498;7,912009;1450;15. Jh.;WOD;Baden;
4;Schönau Todtnau Wiesenthal;X;47,786667;7,894167;1321;1321;WOD;Schwaben;
4;Schönau und Todtnau Wiesenthal;X;47,786667;7,894167;1373;1373;WOD;Schwaben;
4;Schönau Todtnau Wiesenthal;X;47,786667;7,894167;1519;1519;WOD;Schwaben;
4;Auenheim bei Kehl;X;48,6;7,84;1442;1442;WOD;Schwaben;
1;Espach Eschbach bei Staufen am Rhein;X;47,89;7,655;NN;NN;WOD;Baden;
4;Sansbach;;48,139444;7,617222;1432;1432;WOD;Schwaben;i
1;Dornstetten;X;;;1456;1456;WOD;Schwarzwald;i_ei
1;Hachberg;X;;;1341;1341;WOD;Schwarzwald;i
1;Weitnau;X;;;1344;1344;WOD;Schwarzwald;i
1;Kleinkembs;;;;1350;1350;WOD;Schwarzwald;i
1;Rastatt;X;;;1370;1370;WOD;Schwarzwald;i
1;Kirchzarten;X;;;1395;1395;WOD;Schwarzwald;i
1;Zarten;X;;;1397;1397;WOD;Schwarzwald;i
1;Fischingen;X;;;1415;1415;WOD;Schwarzwald;i
1;Dornhaim;X;;;1417;1417;WOD;Schwarzwald;i
5;Sternatingen;;;;1443;1443;WOD;Schwarzwald;i
4;Weiterstadt;;;;1484;1484;WOD;Schwarzwald;i
5;Kuessenberg;;;;1497;1497;WOD;Schwarzwald;i
1;Schwarzach;X;;;1250;13. Jh.;WOD;Schwarzwald;i
4;Neuenzelle;;;;1350;14. Jh.;WOD;Schwarzwald;i
6;St. Trudbert;;;;1450;15. Jh.;WOD;Schwarzwald;i
1;Espach;X;;;NN;NN;WOD;Schwarzwald;i
1;Lörrach;;;;NN;NN;WOD;Schwarzwald;i
1;Niderneggenheim;X;;;NN;NN;WOD;Schwarzwald;i
4;Hügelheim am Rhein bei Mülheim;;;;NN;NN;WOD;Schwarzwald;i
6;Istein Huttingen am Rhein;;;;NN;NN;WOD;Schwarzwald;i
6;Hessigheim;;;;1424;1424;WOD;Schwaben;ei
1;Landsberg (bei Heppenheim);X;;;1430;1430;WOD;Schwarzwald;ei
1;Winterrauch (am Neckar);;;;1507;1507;WOD;Schwarzwald;ei
1;Strassheim;X;;;1533;1533;WOD;Schwarzwald;ei
6;Naeher-Memmingen;;;;NN;Abschrift 17. Jh. Z.T. 1366;WOD;Schwaben;ei
6;Kloster Anhausen (bei Heidenheim und Geißlingen);;;;NN;NN;WOD;Schwaben;ei
1;Saspach Sasbach;X;;;NN;NN;WOD;Schwarzwald;ei
6;Augsburg;;;;1316;1316;WOD;Schwaben;
